datetime,temp,dew,humidity,windspeed,winddir,sealevelpressure,cloudcover,visibility,precip
01/01/23,21,11.7,60.4,9.4,294.7,1016.8,16.1,18.2,0
02/01/23,20.1,12.6,65.5,9,61.4,1016.8,0,18.2,0
03/01/23,21.2,13.9,66.4,9,87,1016.2,16.9,17.9,0
04/01/23,21,14.8,70.3,8.6,89.6,1015.1,37.9,17.7,0
05/01/23,21.1,14.7,69.3,14.4,91.8,1016.1,44,17.7,0
06/01/23,21.7,15.8,70.7,15.8,95.5,1017.7,32.4,17.9,0
07/01/23,21.3,16.3,74.9,17.3,86.6,1018,30.9,17.4,0
08/01/23,20.2,12.8,66.6,11.5,78.7,1016.8,5.7,17.9,0
09/01/23,18.7,9,57.9,10.4,87.8,1017.9,0,18.2,0
10/01/23,18.5,8.1,56,11.9,86.8,1017.3,0,18.2,0
11/01/23,19.5,8.2,54.5,9.4,38.6,1015,0,18.2,0
12/01/23,20.1,8.5,52.9,10.8,288.1,1013.5,0,17.9,0
13/01/23,19.4,11.6,65.3,10.4,298.5,1014.3,2.5,18.2,0
14/01/23,18.9,11.8,68.1,11.5,296.3,1014.2,12.2,18.2,0
15/01/23,19.7,11.9,65.7,9.7,134.9,1012.7,20.8,18.2,0
16/01/23,20.6,10.6,59.5,13.7,250.5,1012.7,0,18.2,0
17/01/23,20.8,10.3,56.5,10.4,267,1013.4,0,17.9,0
18/01/23,21.3,10.7,54.6,7.6,38.7,1014.5,0,18.2,0
19/01/23,21.6,11.1,55.5,9,164.5,1014.6,0,18.2,0
20/01/23,21.8,11.6,56.4,9.7,254.1,1014.2,0,17.9,0
21/01/23,21.4,11.9,58,10.1,270.9,1014.2,4.1,18.2,0
22/01/23,20.4,11.8,61.5,11.2,271.3,1013.4,0.9,18.2,0
23/01/23,20.2,12.1,63,10.8,264.9,1012.6,0.3,17.9,0
24/01/23,20.2,12.9,65.5,14.7,269.2,1012.6,3.4,18.2,0
25/01/23,20.9,13.2,63.9,10.8,290,1012.6,22,17.7,0
26/01/23,22.2,14.6,63.4,11.5,75.5,1012.7,33,18.1,0
27/01/23,22.6,13.8,61.8,14.8,84.6,1013,29.8,18.2,0
28/01/23,21.5,10.5,54.1,15.5,116.7,1012.2,1.5,17.9,0
29/01/23,21.9,14.7,68.3,11.9,236.7,1010.8,19.8,18.7,0
30/01/23,22.1,16.5,74.5,6.8,30,1013.3,55.9,17.9,0
31/01/23,21.6,14.6,68.2,15.5,67.1,1013.6,30.7,18.2,0
01/02/23,21.3,14.5,67,16.9,80,1014,23.7,17.4,0
02/02/23,21.6,13.3,62.7,18,84,1014.2,12,17.9,0
03/02/23,20.9,10.2,54.8,14,80.3,1014.8,40.6,18.2,0
04/02/23,21.3,10.2,53.6,10.8,64.2,1013.3,4.5,18.2,0
05/02/23,21.6,10.2,53.4,9.4,80.6,1012.4,1.3,18.2,0
06/02/23,22.7,11,52.2,13,290.3,1012.4,4.7,17.9,0
07/02/23,22.2,11.3,54.5,8.6,339.8,1012.1,35.8,18.2,0
08/02/23,22.2,11.5,54.9,10.4,66.8,1012.8,68.5,18.4,0
09/02/23,22.8,10.4,50.7,9.7,66.8,1013.3,31.1,18.2,0
10/02/23,23.6,9.9,46.5,9.4,18.7,1014.2,1.9,18.7,0
11/02/23,23.4,8.3,43.7,10.4,350.5,1014.5,2.9,19,0
12/02/23,22.5,8.9,46.2,12.2,72.5,1015.3,0,18.2,0
13/02/23,22,7.7,43.7,16.2,76.3,1016,0,18.2,0
14/02/23,21.5,6.9,43,12.6,82.5,1015.6,0,19,0
15/02/23,21.9,6.3,41.6,12.6,78.6,1013.8,7.1,18.2,0
16/02/23,23,6.6,39.8,15.1,72.4,1014,0,18.2,0
17/02/23,23.4,7,39.2,16.2,63.5,1014.3,0,18.4,0
18/02/23,22.9,7,40.2,15.5,69.2,1014.1,0,19,0
19/02/23,22.5,7.5,42.6,15.1,70.6,1014.2,0,18.4,0
20/02/23,23.8,9.2,43,9.7,74.1,1013.8,0,19.2,0
21/02/23,24.6,10.8,47,8.6,355.8,1013.9,0.9,18.4,0
22/02/23,23.9,10.2,47,9,17.2,1013.4,29.8,18.2,0
23/02/23,24,10,46.4,10.4,67.7,1013.1,0,18.2,0
24/02/23,23.8,9.1,43.7,10.8,59.1,1013.8,0,18.2,0
25/02/23,24.3,8.5,40.1,11.2,42.9,1015.6,5.8,18.2,0
26/02/23,24,9.6,43.8,10.8,43.4,1016.2,0,18.2,0
27/02/23,24.4,9.4,42.6,11.9,1.4,1015.9,1.4,18.2,0
28/02/23,24.7,9.4,41.5,11.9,263.7,1015.6,14.1,18.2,0
01/03/23,24.2,9.5,42.3,9.4,66.2,1016.2,14.4,18.2,0
02/03/23,24.6,10.6,44.5,11.2,84.4,1016.7,2.1,17.9,0
03/03/23,24.7,10.5,44.8,15.1,92.3,1017.1,5.4,20.4,0
04/03/23,25.4,11.5,45.3,9,120.9,1016.6,31.1,17.9,0
05/03/23,25.4,12.3,48,8.3,74.4,1016.4,22.9,17.9,0.1
06/03/23,24.5,12.4,50.1,15.1,68.1,1015.5,26.3,17.9,3
07/03/23,21.9,13.7,62.5,13.3,86.9,1016.5,48.8,17.9,0.1
08/03/23,22.9,12.5,55.7,11.9,81.4,1015.3,28.5,18.2,0.1
09/03/23,24.6,12.1,48.7,15.5,70.2,1014.5,50,18.2,0
10/03/23,24.9,11.9,46.9,12.6,66.9,1013.5,31.2,18.2,0
11/03/23,24.9,11.7,46.9,13.7,76.2,1013.3,30.2,18.2,0
12/03/23,25.4,12.8,48.1,13.3,87.3,1012.9,48,18.2,0
13/03/23,25.5,12.4,47.5,10.4,75.6,1011.9,52.9,18.2,0
14/03/23,26,13,48.6,10.1,20.9,1010.6,55.5,17.9,0
15/03/23,25.4,13.3,50,10.8,88.9,1009.2,75.8,18,1
16/03/23,22.7,16.5,70.7,10.4,66.4,1011.4,52.2,17.2,4
17/03/23,22.9,16,68.7,13.7,265.7,1011.6,60.4,17.9,0.1
18/03/23,23.6,16.3,67,12.2,310.9,1010.2,30.7,18,0.6
19/03/23,23.1,13.7,61.8,18.4,263.6,1010,30.9,18.4,0.1
20/03/23,22.8,14.2,63.8,16.6,281.1,1009.5,16,18.4,0
21/03/23,22.2,15.6,68.6,16.2,267.5,1010.5,27.4,18.2,0.4
22/03/23,23.2,14.6,62.8,15.5,284.5,1011.1,21.5,18.4,0
23/03/23,23.5,15.9,65.5,16.9,284.7,1011.1,23.9,18.4,0
24/03/23,24,14.2,58.7,17.3,296.6,1011.1,6.4,18.4,0
25/03/23,23.8,12,55.2,15.8,283.6,1012,3.8,18.4,0
26/03/23,23.3,11.4,52.8,14.8,288.5,1011.8,0.4,18.4,0
27/03/23,24,13.1,59.1,13,290.1,1011.5,44.2,18.4,0
28/03/23,24.5,13.7,59.2,13,286.4,1010.8,43.3,18.4,0
29/03/23,25.2,14.1,57.9,16.6,269.1,1011.1,10.9,18.4,0
30/03/23,23.6,15.9,65.9,15.5,266.5,1011,20.6,18.4,0
31/03/23,24.3,17.2,67.1,15.1,278.9,1010.5,36.5,18.4,0.3
01/04/23,24.8,12.4,55.7,15.1,286.8,1010.8,19.8,18.4,0
02/04/23,24.5,15.3,63.3,15.5,272.1,1010.6,14.3,18.4,0
03/04/23,25,16.1,63.9,12.6,278.4,1010.1,25.7,18.4,0
04/04/23,26.7,17.4,62.6,16.9,286.9,1010.7,29.5,18.4,0
05/04/23,27.1,16.6,59.3,16.9,289,1010.4,31.9,18.4,0
06/04/23,27.7,15.1,52.4,8.3,338.1,1010.7,37.6,19.2,0
07/04/23,27.1,16,53.1,15.8,70,1011.8,45.8,18.3,0.6
08/04/23,26.3,17.8,61.5,14.8,92.7,1014.3,50.4,18.1,0.5
09/04/23,26,18.2,65.3,11.2,98.7,1014.6,32.6,18,7
10/04/23,27.5,17.7,59.3,12.6,110.2,1012.5,32.7,18.4,0.1
11/04/23,28.1,17,54.5,13.7,302.3,1012.2,28,19.2,0.7
12/04/23,29.2,16.9,52.1,9,19.9,1011.5,31,18.4,0
13/04/23,28.6,15.9,49.9,10.4,346.9,1011.6,75.2,18.4,24
14/04/23,28.2,16.4,51.7,17.3,354.4,1011.4,78.8,18,0.9
15/04/23,27,16.7,56.1,12.2,97.3,1011.9,45.7,18.4,2
16/04/23,26.8,17.4,58.9,10.4,319.3,1010.4,22.4,18,0.5
17/04/23,27.6,17.3,57.2,7.6,0.5,1009.9,36.9,18.4,1.1
18/04/23,29,16.9,53,11.5,31.2,1010.6,35.9,18.2,0
19/04/23,29.4,16,47.7,13,62.7,1008.7,14.3,18.1,1
20/04/23,28.3,17.2,54,13.7,274.9,1007,28.3,18.4,1
21/04/23,27,14.3,49.7,15.8,280.3,1007.2,5.5,18.4,0.2
22/04/23,26,14.3,52.1,17.6,278.8,1007.9,5.3,18.4,0
23/04/23,26.1,16.3,59.6,15.8,297.9,1008,23,19.5,0
24/04/23,27.8,15.8,54.6,14,293.1,1008.2,43,18.4,0
25/04/23,28.1,17.5,59.7,17.6,266.6,1008.3,40.3,18.4,0
26/04/23,27.3,18.4,63.4,15.8,253.4,1009,57.6,18.4,0
27/04/23,27.2,18.6,62.9,13,261.9,1009.2,41.6,18.2,0.1
28/04/23,26.7,19.3,66,14.8,250.6,1010.1,31.1,18,2.1
29/04/23,26.9,18.4,62.6,13,260.9,1009.5,24,17.6,0.7
30/04/23,25.9,17.4,62.7,18.7,272.8,1008,19.6,18.4,0
01/05/23,25.8,15.9,59.3,17.3,271.2,1008,23.7,18.4,0
02/05/23,25.6,17.5,62.8,14.8,273.5,1008.7,32.7,18.4,0.3
03/05/23,25.9,18.3,65.7,13.7,274.6,1010.2,34.6,18.4,5
04/05/23,25.6,18.3,67.3,12.2,278.5,1009.5,41.3,17.9,0
05/05/23,26.6,19.1,66.3,14.8,277.2,1008.6,48.7,18.2,0
06/05/23,27.1,20.2,68.6,11.9,288.3,1008.6,47.2,18.4,0.6
07/05/23,26.7,21.5,74.9,12.2,291.9,1008.8,61.3,17.6,0.7
08/05/23,27.2,21.9,75.3,13,285.8,1008.1,84.7,18.4,9
09/05/23,27.8,22.3,74,9.4,281.4,1008.5,93.2,18.1,5.8
10/05/23,30.1,20.8,63.1,13.3,295.6,1007.6,74.5,18.4,0
11/05/23,30.3,19.7,60,15.5,295.9,1007.6,62.1,18.4,0
12/05/23,30.2,20,59.8,18.4,278.4,1008.3,33.1,18.4,0
13/05/23,29.2,20.2,61.3,18.7,272.2,1009.5,24.1,18.2,0.5
14/05/23,28.6,18.1,56.8,20.2,273.2,1008.7,25.5,18.7,0
15/05/23,28.1,20.2,65.1,18.4,274.6,1009.4,24.7,18.4,0
16/05/23,28,19.7,64.6,18.4,283.3,1011.1,23.6,17.8,0
17/05/23,28.7,18.6,60.2,17.3,288.6,1010.9,18.4,18.4,0
18/05/23,29,19.6,62.4,18.7,291,1011.9,25.6,18.4,0
19/05/23,29.6,18.6,58.5,18,298.4,1010.2,10.8,18.4,0
20/05/23,29.3,18.4,57.8,16.2,284,1009.8,22.8,18.4,0
21/05/23,28.8,19.9,63.2,16.9,281.4,1010.4,24.9,18.4,0
22/05/23,29,19.6,61.7,18,289.1,1011.2,19.1,18.4,0
23/05/23,29.4,18.5,56.3,15.1,287.1,1011,23.7,18.4,0.7
24/05/23,28.7,19.9,62.3,17.6,275.8,1010.8,18.7,18.4,0.9
25/05/23,28.1,19.9,63.6,18.4,270.9,1011.6,17,18.4,0
26/05/23,27.8,21.4,69.9,20.2,266.4,1012.1,41.3,18.4,0.9
27/05/23,27.6,20.2,66.4,17.6,273.3,1011.2,22.9,18.4,0
28/05/23,28.5,20,63.5,15.5,281.3,1009.8,23.4,18.4,0.1
29/05/23,28.3,20.1,65,15.5,296.2,1009.7,23.3,18.2,4
30/05/23,29,20.4,64.9,18,297.8,1009.6,27.4,18.4,0
31/05/23,29.6,19.8,61.3,16.9,295.8,1009.1,44.2,18.4,0
01/06/23,28.7,19.3,62.1,24.1,278.2,1009.1,24.9,18.2,7
02/06/23,28.4,19.9,64.1,17.6,281.9,1009.8,13.7,18.4,0
03/06/23,28.8,21.4,66.8,16.2,280.6,1009.3,25,18.4,0.1
04/06/23,26.9,22.2,76.4,17.3,276.6,1009.6,37.7,18.2,13
05/06/23,27.5,21.9,73.6,16.2,273.1,1008.6,41,18.4,0.6
06/06/23,28.5,21.4,68,14.8,278.2,1008,26.1,18.4,0.2
07/06/23,28.7,21.1,66.3,16.6,267.1,1007.9,37.9,18.4,0.4
08/06/23,28.7,21.5,67.7,18.4,259.8,1008.3,53.5,17.4,0.8
09/06/23,28.6,21.4,67.1,15.8,243.5,1006.6,37.1,18.4,0.7
10/06/23,29,21.2,64,18.7,229.3,1005.2,42.5,18,1.3
11/06/23,28.6,20.3,62.9,22.3,210.6,1005,38.9,18.4,0.6
12/06/23,28.5,20.4,62.9,25.2,212.4,1004.4,29.1,18.4,0
13/06/23,27.7,21.4,69.7,28.8,229.4,1006,44.4,18.4,0.8
14/06/23,26.9,22,75.7,27.4,230.4,1007.8,55,18.4,1.7
15/06/23,27.8,21,68.2,26.3,235.8,1008.1,50,18.4,0.7
16/06/23,26.8,21.8,74.9,30.6,238,1007.5,56.2,19,0.1
17/06/23,27.4,22,73.3,24.1,248.2,1008,58.3,18.4,0.1
18/06/23,27.3,22.1,74.7,22.3,264.1,1008.2,59.2,18.4,1.3
19/06/23,27.5,21.6,71.6,21.6,266.1,1007.3,74.4,18.4,0.3
20/06/23,27.3,21.7,73.2,18.7,261.6,1006.5,69.5,18.4,0.4
21/06/23,27.6,21.5,71.3,18.7,265.9,1006.7,70.3,18.4,0
22/06/23,27.9,21.6,70.3,18.7,262.9,1007.1,70.6,18.4,0
23/06/23,27.4,22,74.2,18,253.1,1006.6,73.1,18.3,1.3
24/06/23,25.1,22.5,85.6,15.1,251.5,1005.6,91.1,17.2,13
25/06/23,23.9,22.3,90.6,12.2,255,1005.7,96.6,16.4,9
26/06/23,24.3,22.5,89.9,17.3,252.5,1007,96.9,16.9,3
27/06/23,23.6,22.6,94.5,16.2,255.1,1006.8,97.4,16.3,18
28/06/23,23.6,22.4,93,16.9,251.2,1007.4,96.7,4.7,9
29/06/23,23.6,22,91,18.7,253.7,1007.7,98.3,6.6,4
30/06/23,23.6,22.1,91.6,20.5,252.2,1007.5,98.3,6,8
01/07/23,23.8,22.4,92.1,19.1,251.2,1008.1,98.7,6.3,12.6
02/07/23,24.2,23,93.3,17.3,247.7,1007.6,94.6,3.7,8
03/07/23,25.2,23,88.2,14.8,252.5,1005.5,92.2,11.8,0.2
04/07/23,25.3,22.9,86.7,15.8,253.3,1003.7,94.4,16.2,0.3
05/07/23,24.7,22.6,88.7,13,252.4,1002.2,96.6,16.9,3
06/07/23,24,22,89.1,22.7,244.9,1003.6,95.4,9.3,0.3
07/07/23,24.3,22.1,88.2,22.3,244.2,1005,97.1,3.7,0.9
08/07/23,24.5,22.5,89.2,22,248.6,1006.7,87.1,10.8,0.2
09/07/23,24.9,22.3,86.2,21.6,247.2,1007.5,90.7,12.8,0.4
10/07/23,24.9,22.2,85.4,20.5,255.1,1007.9,80.1,16.6,0.2
11/07/23,24.6,21.8,84.7,19.4,260.2,1008.1,92.8,17.8,2.1
12/07/23,24.7,22.2,86.2,13.3,258.7,1007,94.1,18.2,2.8
13/07/23,25,22.4,86.4,16.2,255.3,1006.7,83.8,17,0.6
14/07/23,24,22,89.1,15.5,258.8,1008.3,95.1,15.1,0.3
15/07/23,24.6,22.4,87.8,16.9,260.6,1008.6,92.9,11.9,0.3
16/07/23,24.2,22.1,88.6,16.9,255.9,1008,91.2,9.4,1
17/07/23,23.8,22.1,90.4,19.8,255.8,1006.8,96.4,11.2,3
18/07/23,23.4,22.2,93.1,25.2,258.5,1005.4,99.6,3.3,6
19/07/23,23.1,22.2,95.1,20.9,261.1,1003.5,99.6,4.9,6
20/07/23,23.8,22.3,91.4,22.7,258.8,1003.6,97.9,6.3,11.1
21/07/23,23.5,22.4,94,17.3,260.4,1005.5,98.1,8.6,3
22/07/23,23.3,22,92.5,21.6,260.7,1006,99.1,4.1,8
23/07/23,23.5,22.3,93.5,25.6,258.4,1005.2,98.7,2.8,10
24/07/23,23.7,22.4,92.7,24.1,256,1005.6,97.5,4.4,11
25/07/23,23.2,22.2,94,18.7,260.4,1007.3,98.3,3.5,12
26/07/23,23.1,22.2,94.7,20.9,264.6,1008.3,100,2.9,7
27/07/23,22.6,21.8,95.4,20.9,266.2,1008.6,99.6,2.9,9
28/07/23,23,21.8,93.2,23,266.5,1008.5,99.1,4.4,4
29/07/23,23.1,21.8,92.6,18.4,264.2,1009.1,97,8.7,0.1
30/07/23,23.7,22,90.4,22,259.7,1008.4,87.8,12.5,3.2
31/07/23,23.7,22.1,91.1,23,261.9,1007.7,89.2,4.4,4.7
01/08/23,23.6,22,91.1,23.8,260,1007.8,95.9,9.9,3.6
02/08/23,23.9,22.1,89.8,26.6,258.6,1008.3,93,13.5,0.1
03/08/23,23.6,22.1,91.5,28.1,260.1,1007.7,94.6,15.8,3
04/08/23,24.2,22.2,88.9,25.6,257.7,1008.8,94.3,13.6,0.8
05/08/23,23.8,22,89.8,23,259,1010.8,87.8,13.5,0.7
06/08/23,23.9,21.7,87.7,24.1,259.9,1010.3,90.8,18.2,0.7
07/08/23,24.3,21.4,84.4,24.5,258.9,1008.5,94.6,19.2,0.1
08/08/23,24.5,21.6,84.5,23.8,258.3,1008.7,91.6,18.4,0.2
09/08/23,24.6,21.6,84.4,19.1,261.4,1011,90.4,17.2,0.1
10/08/23,24.6,21.6,84.1,19.1,262,1011.6,72.3,17.4,1.7
11/08/23,24.5,21.6,84.1,17.3,264.2,1011.1,69.8,16.5,1.5
12/08/23,24.3,21.5,84.8,18.7,262.5,1010.8,78.2,18.3,1.4
13/08/23,24,21.2,84.9,21.6,260.5,1009.7,86.6,13.7,0.2
14/08/23,24.8,21.3,81.7,20.2,255,1009.6,87.4,15.2,2.6
15/08/23,24.1,21.3,85,18.7,252.1,1010.3,86.4,18.2,0.6
16/08/23,24.6,21.5,83.3,17.6,262.1,1010.6,63.2,17.9,2
17/08/23,23.9,21.2,85.3,18.7,275.1,1010.9,86.9,18.2,0.8
18/08/23,24.1,21.3,84.8,17.3,274.2,1009.4,87.9,17.5,0.4
19/08/23,23.6,21.4,87.7,16.6,275.5,1008.2,97.5,18.1,1
20/08/23,23.9,21.8,88,17.6,270.3,1008.3,73.9,17.1,3
21/08/23,24.3,21.5,85.1,18.4,270.3,1008.6,61.7,16.5,2.3
22/08/23,23.7,21.4,87.7,15.8,261.9,1008.9,88.6,16.9,3
23/08/23,24.2,21.2,83.9,18.4,261,1008.6,86.3,16.3,0.3
24/08/23,24.1,21.6,86.3,18,255.5,1007.9,81.5,17.4,0.6
25/08/23,23.8,22,89.8,17.3,249.5,1007.9,87.3,17.5,3
26/08/23,23.8,21.9,89.6,21.6,249.5,1009.4,85.4,15.8,0.1
27/08/23,24.1,21.7,87.4,17.3,259.9,1010.5,79,16,4.9
28/08/23,23.9,21.5,87,18.4,258.1,1009.9,72.9,16.7,0.6
29/08/23,24.5,21.3,83.6,13.7,264.5,1009.5,66.4,16.9,1.1
30/08/23,25.2,21.1,79.5,11.9,276.9,1010.3,55.2,17.4,0.7
31/08/23,25.8,22,80.9,11.2,281.2,1010,55.7,16.9,0.5
01/09/23,26.1,22.7,82.6,9.4,287,1009.8,65.7,15.6,1.2
02/09/23,24,22.7,92.7,11.5,271.2,1010.1,96.3,11.2,27
03/09/23,24,21.8,87.9,11.9,274.7,1008.9,91.6,15.8,3.1
04/09/23,24.3,21.2,83.5,15.5,283.7,1007.6,85.4,17.1,1
05/09/23,24.8,20.7,79.2,15.1,285.1,1007,62.9,16.6,0.1
06/09/23,24.9,21.2,81.1,17.3,278.7,1007.1,71.3,16.9,0.8
07/09/23,23,21.2,89.9,15.8,263.9,1007.2,95,8.4,9.1
08/09/23,22.5,21.8,95.5,18.4,268.7,1007.3,99.6,3.4,21.9
09/09/23,23.5,22.1,92,17.6,270.9,1007.3,96.3,9,11.9
10/09/23,24.5,22,86.3,20.5,264.1,1007.3,92.4,12.6,0.6
11/09/23,24.8,22,85.1,19.1,266.9,1007.9,75.6,15.9,1.2
12/09/23,24.6,21.3,82.8,19.1,265.4,1008.7,72,16.7,1
13/09/23,24.7,21.3,82.3,17.6,263.8,1008.2,82.2,17.5,1
14/09/23,24.2,20.9,82.6,14.8,263.1,1008.1,65.2,17.2,0.9
15/09/23,24.4,20.9,81.7,18.4,260.8,1008.1,84.8,16.9,0.5
16/09/23,24,21.5,86.1,20.2,259.1,1007.8,94.2,14.2,0.2
17/09/23,24.1,21.7,86.8,20.9,253.2,1007,93.3,13.8,0.3
18/09/23,24.4,21.9,86.5,20.9,245.6,1007.1,80.5,11.9,1
19/09/23,24.6,22,86.5,20.5,237.7,1008.8,73.7,15.2,2.8
20/09/23,24.9,22.3,86.4,17.6,240.3,1009.2,86.6,14.2,0.1
21/09/23,24.9,22.8,88.8,13.3,244.1,1009.3,87.2,8.1,0.9
22/09/23,24.1,22.4,91.1,9.4,258.9,1009.8,97.5,12.1,10.1
23/09/23,23.3,22.4,94.7,10.1,255.8,1010.3,96.2,12.4,25
24/09/23,23.7,22.2,92.2,11.9,263.9,1010.6,94.1,16.5,7
25/09/23,24.2,22.2,89.1,9.4,267.3,1009.3,90.8,15.7,12.2
26/09/23,24,21.9,89.1,9,294.5,1009.2,80.9,15.4,36
27/09/23,23.6,22.3,93.1,7.9,340.2,1008.7,93.3,12.9,4
28/09/23,24.9,22.4,86.6,9.7,47.6,1007.7,82.1,14.3,5
29/09/23,24.5,22.5,89.2,13,78.7,1007.1,74.7,13.5,17
30/09/23,24.7,22.4,87.7,16.6,75.1,1006.7,91.2,11.6,12
01/10/23,24.5,22.7,90.3,13,6.4,1007.2,98.2,12.9,5
02/10/23,23.5,21.2,87.6,13.7,266,1010.2,95.4,15.4,1.6
03/10/23,24.9,21.4,82.3,9.4,277.2,1011,78.3,18,0.2
04/10/23,25.8,21.7,80.3,9,291.5,1011.6,60.2,17.9,0.1
05/10/23,25.3,20.2,76.7,8.6,307.3,1011.6,59.6,18.1,0
06/10/23,25.2,20.1,76.6,7.9,293.4,1010.8,40,18.4,0
07/10/23,25.7,20.7,76.4,6.5,354.4,1010.8,45.8,18.4,0
08/10/23,26.2,20.3,72.7,9,38.4,1011.6,39.6,18.2,0
09/10/23,26.1,20.4,73.2,7.6,333.7,1013.1,28.5,18.4,0
10/10/23,26,19.6,69.8,9,354.9,1013,39.3,18.2,0
11/10/23,25.9,20,71.9,8.3,13.9,1012.7,31.9,18.4,0.2
12/10/23,26,20.3,73.1,13.3,72.3,1013.1,36.8,19.2,0
13/10/23,25.9,19.4,69.9,13.3,87.2,1013.7,32,18.4,0
14/10/23,25.5,18.7,68.9,8.3,57.8,1013.8,23,18.4,0
15/10/23,26,19.3,69,10.1,71.7,1012.3,30.8,18.2,0
16/10/23,26.1,19.8,70.3,12.2,74.1,1012.1,38.8,18.2,0
17/10/23,26.2,20.3,71.5,9,59.3,1013.3,30.9,17.8,0
18/10/23,25.9,20.1,72.5,11.5,58.4,1013.9,28.1,18.2,1
19/10/23,25.8,20.6,74.7,6.8,53.4,1013.7,61.2,17.9,0.9
20/10/23,25.8,20.8,75.6,11.9,71.5,1013.8,51.8,16.6,0
21/10/23,25.8,20,71.8,11.5,72.8,1014.4,47.4,17.9,0
22/10/23,25.7,18.6,67,9.7,63.2,1014.7,59.5,18,0
23/10/23,24.9,17,64.3,9.4,54.3,1013.7,51.3,18.2,0
24/10/23,25,17.4,65.4,9.4,49.2,1013.1,41,18.2,0
25/10/23,24.5,16.7,64.4,10.1,56.3,1014.7,38.2,18.4,0
26/10/23,24,14.7,59.7,12.6,65.9,1015.1,50.3,19,0
27/10/23,23.3,12.7,54.3,13.7,70.4,1013.9,25.7,18.4,0
28/10/23,22.9,13.6,58.6,10.8,78.2,1013.5,3.3,18.2,0
29/10/23,22.9,14.5,61.8,14.8,82.1,1013.3,7.6,18.4,0
30/10/23,23.3,14.4,60.4,14.4,91.3,1013.2,10.2,18.4,0
31/10/23,23.6,14.4,59.1,13.7,82.6,1013.9,21.4,18.2,0
01/11/23,22.6,13.9,60.7,12.2,67.4,1014.7,3.1,18.2,0
02/11/23,22.8,15.5,65.8,10.1,76.1,1013.8,21.5,18.2,0
03/11/23,23.2,16.4,68,13,73.1,1011.8,50.7,18.2,0
04/11/23,24,17,67.1,17.6,78.1,1011.5,50.4,18.4,0
05/11/23,24.3,17.2,66.6,13.3,77.2,1012.9,71.5,17.4,0
06/11/23,23.3,14.3,58.8,14.8,77.2,1014.4,75.2,18.7,0
07/11/23,24.1,17,65.8,11.9,82,1013.9,66.9,18.2,0
08/11/23,24.4,19.6,75.1,13.7,104.3,1013.6,74.9,16.6,0.5
09/11/23,24.8,20.4,77.9,14,95.8,1014,68.8,17.4,4.5
10/11/23,24.5,20.5,80,11.9,104.2,1015.3,76.3,17.2,27
11/11/23,24.7,19.5,75.7,13.7,91.9,1015.8,57.3,18.2,0
12/11/23,24.4,17.7,68.8,13.3,80.6,1015.7,31.2,18.2,0
13/11/23,23.9,16.8,67,10.8,83.6,1015.3,56.6,17.9,0
14/11/23,23.7,17.1,69.4,8.3,54,1014.6,31.1,18.2,0
15/11/23,22.7,15.4,66.1,10.4,68.7,1014.4,18.9,18.2,0
16/11/23,21.9,14.5,65,11.9,80.5,1014.8,10.7,17.9,0
17/11/23,21.9,15,67.2,11.2,79.5,1014.7,2.4,17.7,0
18/11/23,22.3,16,69.7,8.3,79.1,1013.9,5.2,18.2,0
19/11/23,23.9,17.9,71.1,11.5,90,1013.7,20.7,18.2,0
20/11/23,24.1,18.4,72.1,14.8,83.1,1014.1,29.4,18.2,0
21/11/23,23.6,16.1,65.3,13.7,70.9,1014.1,16,17.9,0
22/11/23,22.6,15.4,65.7,10.8,67.4,1013.3,6.1,18.2,0
23/11/23,23,16.8,70.1,9.7,68.7,1011.5,29.3,18.2,0
24/11/23,23.4,18.5,76,14,93.1,1011.9,38.1,18.2,0.2
25/11/23,24,19.5,77.1,15.5,98.8,1013.4,50.6,17.9,2.1
26/11/23,24.1,19.8,78.3,16.9,133.4,1013.3,59.4,17.9,3
27/11/23,23.2,20.1,84.1,8.3,172.4,1012.8,50,17.4,5.4
28/11/23,23.1,19.8,82.9,11.2,252.5,1011.5,35.6,17.9,0.1
29/11/23,22.8,18.6,79,11.9,241.2,1012.3,42.5,17.9,0
30/11/23,23.3,18.8,77.6,13.3,189.1,1012.6,30.2,18.2,0.4
01/12/23,22.7,17.7,76.1,10.4,255.1,1012.7,27.1,17.9,0.1
02/12/23,23.1,18.5,77.1,14.4,107.9,1012,41.8,18.2,0.1
03/12/23,23.6,18.4,74.5,16.2,91,1012.5,40.2,18.2,0
04/12/23,23.4,18.1,74.6,13.7,78.8,1011.6,69.8,18.2,0
05/12/23,22.4,17.7,76.3,10.8,66.8,1010.7,85.8,18.2,0
06/12/23,22,18,79.2,12.2,70.2,1011.9,66.5,18.2,0
07/12/23,21.1,17.4,80.6,10.1,82.6,1012.9,45.4,17.9,0.1
08/12/23,22,17.1,76,10.1,95.8,1013.1,51.6,18.2,0
09/12/23,22.1,17,74.5,11.2,88.8,1014,37,18.2,0
10/12/23,22.3,16.8,73.1,12.6,93.7,1013.3,40.7,18.2,0
11/12/23,22.8,16.4,69.4,10.1,88.6,1013.4,45.7,17.9,0
12/12/23,22.5,15.9,68,7.2,44.9,1012.3,48.8,18.4,0
13/12/23,21.6,14.8,68,11.5,88.5,1013,32,18.4,0
14/12/23,21.2,13.2,62.8,14.8,97.6,1014.8,0.3,18.2,0
15/12/23,20.4,12.7,64.2,14.4,97.8,1015.8,1.2,18.2,0
16/12/23,19.7,14.1,72.4,12.2,87.7,1015.4,18.2,17.4,0
17/12/23,21,15.3,71.2,15.8,88.5,1014.6,20.9,18.2,0
18/12/23,21.3,14.4,66.3,19.8,85.9,1015.6,57.3,18.2,0
19/12/23,20.9,13.9,65.5,16.2,88.2,1016.7,83.1,18.2,0
20/12/23,20.4,12.4,61.9,13.3,89.1,1016.4,69.3,18.2,0
21/12/23,21.4,12.9,60.2,10.1,86.5,1015.4,67.4,18.2,0
22/12/23,21.4,13.6,63.5,9,87.3,1015.2,83.1,18.2,0
23/12/23,20.8,12,60.9,10.4,90.2,1015.7,35.5,17.9,0
24/12/23,20.4,11.3,58.9,11.9,87.2,1017.4,67.6,18.2,0
25/12/23,20.9,12,58.4,11.2,86.6,1017.4,15.4,24.1,0
26/12/23,21.4,12.7,60.1,8.6,82.6,1016.9,0.5,21.8,0
27/12/23,21.3,13.6,64.9,10.4,84.6,1017,15.6,18.2,0
28/12/23,21.2,13.8,65.5,11.9,91.1,1015.6,49.3,18.2,0
29/12/23,21.3,13.8,65.7,10.8,94,1015.4,41.8,18.2,0
30/12/23,21.7,13.2,62.3,9,100.1,1014.8,1.4,19,0
31/12/23,21.4,13.2,63.2,13.7,90.9,1014.2,9.8,18.2,0
01/01/24,21.5,13.8,64.1,9.4,84.6,1014.5,14.5,17.9,0
02/01/24,22,14.5,65.2,12.2,90.9,1013.4,9.6,18,0
03/01/24,22.1,15.6,69.8,10.1,290.5,1012.4,13.9,18.2,0
04/01/24,21.8,14.6,67.1,13.3,287.2,1012.6,13.1,17.8,0
05/01/24,21.2,12.6,61.1,9.7,282.9,1012.7,33.8,18,0
06/01/24,21.4,14.8,67.4,11.5,102.4,1013.3,35.8,17.8,0.1
07/01/24,22.2,15.8,69.4,13,109,1013.5,42,18.2,0
08/01/24,22.7,15.1,63.4,15.8,106.5,1014.1,42.9,19,0.5
09/01/24,21.4,18.1,81.5,14.4,113.6,1015.1,72.2,15.9,2
10/01/24,20.7,17.8,83.8,10.4,88.9,1015.4,62.8,17.9,1.9
11/01/24,23,16.9,71.3,8.6,86.4,1014.9,19.2,18,0
12/01/24,22.8,15.4,66.5,12.2,80,1014.5,8.6,18,0
13/01/24,23.3,14.7,61.6,10.4,6.2,1015,8.5,18.2,0
14/01/24,23.2,15.1,63.2,11.2,343.6,1015.2,3.1,18.2,0
15/01/24,21.2,10.5,55.8,13.3,291.8,1014.7,0.4,18.3,0
16/01/24,20.5,11.4,59.8,10.8,256,1012.6,19.7,18.2,0
17/01/24,20.6,13.2,65.5,13.7,255.8,1011.7,2.4,18.3,0
18/01/24,19.4,13.3,71.2,10.8,260.9,1013.4,22.1,18,0
19/01/24,20.2,13.5,68.9,18.4,239.3,1013.4,14,18.2,0
20/01/24,20.9,14.1,67.7,16.9,256.5,1014.2,4.8,18.2,0
21/01/24,20.7,13.7,67.1,11.2,96.4,1014.6,29,18.2,0
22/01/24,21,13.6,66.4,14.4,221.6,1015.1,72.4,18.2,0
23/01/24,19.5,11.5,64.9,9,358.3,1015.1,50.1,18.2,0
24/01/24,18.8,9.5,58.2,10.4,65.1,1015.3,38.1,18.2,0
25/01/24,18.8,7.9,52.6,10.4,80,1016.6,1.7,18,0
26/01/24,19.9,11.2,59.6,10.8,80.3,1017.7,33.2,18.2,0
27/01/24,21.1,12.8,61.7,9.7,75.5,1017.7,76.8,18.2,0
28/01/24,22.3,13.5,60.4,9.4,52.7,1016.8,57.2,17.7,0
29/01/24,22.3,12.5,56.3,7.6,0.5,1016.3,83,18.2,0
30/01/24,22,12.5,57.9,10.1,310.1,1015.3,27,18.2,0
31/01/24,21.9,12,56.7,15.1,263.8,1015.1,46.3,17.9,0
01/02/24,20.3,12.8,65.6,11.2,272.8,1015.9,13.9,18.2,0
02/02/24,20.5,12.8,65.9,11.2,50.6,1016.1,11.2,18.2,0
03/02/24,21.6,12.3,58.7,16.6,76.7,1016.2,0.2,18.2,0
04/02/24,23.3,14.4,59.8,10.8,98.7,1016.7,8.6,18.2,0
05/02/24,24.8,15,57.4,11.2,303.9,1016.5,7.9,17.9,0
06/02/24,24.4,13.8,54.6,11.2,299.7,1016.2,0.5,18,0
07/02/24,23.9,13.7,57.1,13,338.9,1016.7,1.9,18.2,0
08/02/24,22.7,13.3,58.8,9.7,42.3,1016.4,21.7,18.2,0
09/02/24,22.9,12.1,56,13,322.5,1015.3,7.4,17.9,0
10/02/24,23.1,11,52.4,12.6,305.3,1016.2,0,18.4,0
11/02/24,22.2,10.3,51.9,11.9,308.2,1016.6,20.1,19.2,0
12/02/24,22.8,10.3,50.1,11.9,298.3,1015.9,79.7,18.2,0
13/02/24,22.6,9.8,48.6,9.4,290.9,1015.7,82.1,18,0
14/02/24,22.2,10.7,51.7,9.7,29.4,1015.5,86.8,17.9,0
15/02/24,23.4,12.9,54.3,15.1,69.2,1014.6,47.1,18,0
16/02/24,24.9,13.2,52.1,10.1,93.9,1014.7,26.3,18.2,0
17/02/24,25,12.3,50.6,9.7,146.2,1013.8,17,18.2,0
18/02/24,25,11.6,47.1,9.7,291.4,1012.5,1.9,18.9,0
19/02/24,24.6,11.1,47.9,13.7,297.2,1013.2,2.7,18.2,0
20/02/24,24,9.4,42.7,15.8,294.2,1013.7,21.8,18.4,0
21/02/24,22.7,12.1,54.6,16.6,288.1,1013.3,6.8,18.4,0
22/02/24,22.2,12.8,61,15.5,293.9,1013.7,21.1,18.3,0
23/02/24,22,10.2,52,8.3,313.5,1013.6,0,18.3,0
24/02/24,22.2,8.5,48,14.8,320.4,1012.8,0.4,18.4,0
25/02/24,22.5,6.5,38.1,9,78.2,1011.9,0,18.3,0
26/02/24,24.5,12.4,48.4,10.4,134.5,1011.6,19.1,18.2,0
27/02/24,26,14.6,51.6,12.6,293.6,1012.7,38.3,18.3,0.1
28/02/24,25.7,15.2,54.5,9.4,53.5,1012.5,23.2,18.3,0.1
29/02/24,26.2,14.4,51.4,14,83.7,1012.4,27.4,18.9,0
01/03/24,26.4,15.3,53,11.5,269.3,1012.9,45.6,17.8,0.7
02/03/24,25,14.9,56.4,20.5,269.1,1013.1,17,18.4,0
03/03/24,23.5,16.6,68.7,17.6,276.6,1013.3,25.6,18.4,0
04/03/24,22.5,11.4,57.2,14.8,293.6,1013.4,24.5,18.3,0
05/03/24,23.2,9.8,47.6,15.5,298,1013.4,1.4,18.3,0
06/03/24,24.1,9.4,44.7,19.1,287,1013.2,18.5,18.4,0
07/03/24,24.3,7.4,37.2,12.6,332.7,1012.7,6.7,18.3,0
08/03/24,25.1,10.2,42.6,11.9,11.4,1013,4.2,19.2,0
09/03/24,25.1,9.2,39.9,15.5,1.5,1013,0,18.4,0
10/03/24,25.5,9.5,40.5,15.5,311.3,1013.7,0,18.4,0
11/03/24,26,10.2,40.2,14,345.7,1014.8,0,18.4,0
12/03/24,26.5,12.4,45.1,16.9,324,1014,1.7,18.3,0
13/03/24,25.5,11.8,46.7,14.4,301.2,1013.5,6.6,18.3,0
14/03/24,25.6,12.1,48.2,16.9,307.1,1013.7,0,18.3,0
15/03/24,24.8,9.2,41.1,15.1,286.2,1012.7,0.6,18.3,0
16/03/24,25.5,11.3,44.9,16.9,278.1,1012.6,25.9,18.3,0
17/03/24,25.8,10.9,42.4,18,281.9,1012.6,8.2,18.4,0
18/03/24,25.5,10.5,41.8,16.9,284.9,1012.8,28.3,18.4,0
19/03/24,25.7,11,45.4,16.2,310.8,1012.3,3.4,18.3,0
20/03/24,25.5,8.4,38.6,16.6,43.9,1012.2,2.9,18.3,0
21/03/24,26,9.6,37.5,13.3,110.7,1011.1,18.4,18.3,0
22/03/24,27.2,13.7,47.1,15.1,273.3,1009.9,11.9,18.3,0
23/03/24,27.1,14,49.2,16.9,297.3,1009.8,6.9,18.4,0
24/03/24,27.3,12.8,43.6,13,299.7,1011.2,16.8,18.4,0
25/03/24,28.1,15.4,49.8,13.3,314.6,1011.5,6,18.7,0
26/03/24,28.3,16,51.1,14.4,305,1011.6,3.8,19.8,0
27/03/24,28.9,16.8,52.4,16.9,281.6,1012.9,25.1,20.8,0.1
28/03/24,28.6,17.7,54.8,16.2,281.9,1012.7,31.5,24.1,0
29/03/24,28.6,18.4,57.1,14,287.8,1011.5,40.8,24.1,0.2
30/03/24,28.7,18.6,57.5,14,304,1012.7,31.9,24.1,0
31/03/24,29,15.5,45.4,14.4,353.9,1013.6,48.6,24.1,0
01/04/24,29.1,13.8,41.5,15.5,310.2,1011,55.5,23.3,0
02/04/24,28.4,13.7,43.2,16.9,289.8,1009.6,33,21.5,0
03/04/24,28.5,14.7,47.7,16.9,284.8,1010,46.4,19.1,0
04/04/24,28.7,14,44.4,17.3,303.2,1010.4,49.4,18.3,0
05/04/24,29.2,15.2,47.5,14.4,308.8,1009.8,31.1,18.4,0
06/04/24,29.5,12.5,38.8,13,339.6,1008.7,20.8,18.4,0
07/04/24,28.8,11.4,36.4,20.2,305.7,1008.3,28.3,18.4,0
08/04/24,28.2,8.5,31.3,13,304.9,1009.2,10.3,18.3,0
09/04/24,28.7,13.1,42.8,16.9,287.8,1009.4,3.5,19.2,0
10/04/24,28.4,14.3,46.6,18,280.3,1009.5,1.9,18.4,0
11/04/24,28.8,14.1,43.8,17.6,287.1,1009.8,22.7,18.3,0
12/04/24,28.6,15.9,48.8,20.5,255.8,1009.6,31.3,18.4,0.1
13/04/24,27.9,13.3,46,17.3,252.8,1010.1,13.7,18.3,0
14/04/24,28.4,14.8,49.8,15.5,289.4,1010.6,15.4,18.3,0
15/04/24,29.9,18.4,53.8,11.5,327.9,1010.7,33.2,18.3,0
16/04/24,30.7,16.9,46.7,13.3,343.5,1010.6,33.4,24.1,0.3
17/04/24,30.1,18.8,54.4,10.8,261.3,1010.8,56.4,24,7.2
18/04/24,29.8,20.2,62.9,14.4,289.5,1010,47.1,24.1,0.3
19/04/24,30,20.3,60,17.3,281.7,1007.6,36.5,19.2,0
20/04/24,28.5,19,59.3,17.3,285.9,1008.2,40.1,18,2
21/04/24,28.3,17.6,56.2,15.8,300.9,1008.4,39,17.5,0.3
22/04/24,29.5,16.6,47.4,13.7,300.6,1008.8,18.3,17.2,0
23/04/24,29.9,15.9,45.4,18,303.7,1007.7,21.5,18.1,0
24/04/24,29.6,17,48.9,14,307.9,1007,41.3,18.4,0
25/04/24,30.2,17.3,48.6,11.2,285.5,1007.4,33.1,18.3,0.5
26/04/24,30.7,16.8,45.2,15.8,300.4,1007.4,37.5,17.7,0.2
27/04/24,31.5,17.5,46,10.8,350.1,1007.3,20.9,18.4,0
28/04/24,32.3,15.7,39.7,14.8,352.8,1007.3,21.4,18.4,0
29/04/24,32,14.6,37.1,15.8,325.1,1008.3,9.6,18.3,0
30/04/24,31.9,12.8,32.5,16.6,310,1007.3,9.9,18.3,0
01/05/24,29.3,14.2,40.8,20.2,276.8,1007.2,3,23.3,0
02/05/24,28.9,12.2,40.3,16.6,276,1006.8,0.5,18.3,0
03/05/24,28.6,11.9,42.2,16.2,289,1007.6,0,18.3,0
04/05/24,29.8,16.8,51.4,15.5,285.2,1008.6,28.6,18.3,0
05/05/24,30.2,18.4,53.4,20.2,289.5,1007,21.5,18.4,0
06/05/24,29.5,17.6,51.5,19.1,283,1007.8,1.1,18.4,0
07/05/24,28.7,17.8,56.1,20.5,272.9,1008.9,10.2,18,0
08/05/24,28.7,19.2,61.8,18.4,278.2,1008.8,16.3,18.9,0
09/05/24,28.6,19.9,62.7,18.4,280.3,1007.7,32.7,18.3,0.5
10/05/24,27.3,20.3,68.7,14.8,282.1,1009.2,45.4,18,28
11/05/24,27.8,20.8,69.1,13.7,298,1010,41.5,18,40
12/05/24,27,20.8,70.8,10.4,51.3,1010.6,45.7,17.8,0.1
13/05/24,28,20.1,64.5,14.8,150.3,1009.9,42.8,18.4,3
14/05/24,27.9,18.8,60.4,11.5,4.5,1009.4,32.5,18.2,1.5
15/05/24,29,19.2,58.5,9,44.9,1009.4,25.3,18.3,0
16/05/24,28.1,20.3,65.3,7.6,284,1009.6,41.7,18.4,16
17/05/24,28.5,20.7,65.1,13.7,283.9,1008.6,51.3,18.1,0.3
18/05/24,29.1,20.7,63,13,274.1,1006.4,35.3,18.2,0.1
19/05/24,29.1,22.4,70,11.9,275,1005.3,57.7,18.2,6
20/05/24,29.5,22.6,69.4,17.6,269.5,1004.9,69.6,18.4,0.2
21/05/24,30.8,22.2,64.8,15.5,281,1004.1,62.4,18.2,0.7
22/05/24,29.7,23,70.2,11.2,270.3,1004.1,83.4,18,4.1
23/05/24,30,23.7,71.2,15.1,272.7,1003,56.6,18.3,0.9
24/05/24,29.5,21.5,64.9,18,273.5,1002.8,44,18.4,0
25/05/24,28,21.2,68.3,21.2,270.8,1003.8,59.8,18.3,0
26/05/24,28.1,22.2,71.9,22.3,274.5,1004.8,69,18.4,0.1
27/05/24,26.6,22.4,78.1,21.6,268.7,1005.2,88.9,18.2,0.1
28/05/24,28.3,21.4,68.6,23.8,267.6,1005,60.8,18.4,0.1
29/05/24,27.9,21,68,23.8,261.7,1005.1,40,18.4,0
30/05/24,28.5,21.1,66.6,19.4,269.4,1006.2,25.9,17.8,0
31/05/24,29.2,21.8,66.7,18.4,272,1007,32,18.4,0
01/06/24,29.2,21.5,65.7,15.5,269.3,1006.8,32.9,18.3,0
02/06/24,29.3,21.3,64.7,14.8,271,1007.3,75.4,18.9,0.2
03/06/24,28.4,21.9,69.1,12.6,261.3,1007.5,87.3,17.5,6.5
04/06/24,27.2,22.6,77.5,15.1,264.9,1008.5,87.6,16.2,68
05/06/24,26.7,23.1,81.9,13.7,258.8,1008.8,87.8,17.9,9
06/06/24,27.3,23.5,80.8,13.3,275.8,1009,89.8,17,3
07/06/24,26.7,22.6,79.6,12.6,281.3,1007.5,93,14.6,11.1
08/06/24,26.1,22.5,82.2,25.9,294.3,1006,82.5,15.1,109
09/06/24,24.3,22.6,90.6,14.8,282,1006.3,97.3,13.2,19
10/06/24,24.3,22.5,90.5,11.2,281.8,1007.4,96.8,16.5,8
11/06/24,25.5,22.9,85.8,17.3,270.9,1007.9,95.5,15.2,9.2
12/06/24,25.9,23.1,85.2,15.1,260.8,1008.6,87.6,16.1,1
13/06/24,25.9,22.7,83.5,14,257.8,1008.2,89,16.9,4.4
14/06/24,25.6,22.4,82.9,15.5,254.4,1007.4,81.2,18.1,0.1
15/06/24,26.1,22.3,80.2,13.7,246.9,1006.8,76.2,16.9,0.5
16/06/24,26.4,22.7,81.3,12.6,261.4,1007,74.3,16.6,5
17/06/24,26.2,22.7,82,16.6,254.5,1007.4,86.3,16.4,0.8
18/06/24,26.3,22.2,79.5,19.1,250.7,1007,78.3,18.1,2.3
19/06/24,25.2,22.1,83.6,16.9,249.7,1005.5,87,18.3,0.1
20/06/24,25.4,22.6,84.9,22.3,244,1004.5,84.4,18.4,5
21/06/24,26.1,23.1,83.6,21.6,253.7,1004.9,79.2,17.7,0.2
22/06/24,26.2,22.6,81.7,16.6,265.1,1003.4,74,18.2,2.1
23/06/24,25.8,23.1,85.5,13,248.6,1002.7,90.9,13.1,0.5
24/06/24,26.1,22.9,83.8,12.2,238.5,1000.9,81.2,16.2,6.3
25/06/24,26.4,23.1,82.9,18.4,202.4,999.9,86.7,15.9,0.4
26/06/24,25.7,23.6,88.5,20.9,215,1000.1,94.1,10.6,0.2
27/06/24,24.9,22.6,87.3,22.7,229.7,1002.6,94.6,5.1,0.1
28/06/24,24.7,22.6,88.3,21.6,235.1,1003.7,95.9,10.4,4
29/06/24,25.3,23.1,88,23.8,232.5,1004.6,96.7,7.8,0.1
30/06/24,25.1,23.3,89.7,24.5,236.5,1004.8,96.5,5.4,0.8
01/07/24,25.4,22.9,86.1,30.2,238.5,1004.2,87.9,10.8,2
02/07/24,24.8,23.1,90.4,27.4,243.6,1003.9,93,8.5,12
03/07/24,26,23.2,85.3,24.8,242.1,1004.4,85.3,13.3,3.2
04/07/24,25.6,23.4,87.8,22.7,245.7,1005.3,92.8,10.9,0.2
05/07/24,25.3,23.2,88.4,23,242.7,1003.7,91.6,9.2,0.1
06/07/24,25.2,23,87.7,25.6,245.2,1002.6,95,12.4,0.7
07/07/24,25.1,22.8,87.4,18.7,247.7,1003.9,96.2,9.5,4.4
08/07/24,24.2,22.6,91.4,13,248.6,1004.1,97.3,14.3,15
09/07/24,23.6,22.1,91.7,14.8,243.1,1004.9,93.2,10.2,26.4
10/07/24,24.8,22,85.3,16.2,247.1,1007.5,85.8,11.4,1.9
11/07/24,24.4,22,86.9,16.6,251.1,1007.5,92.3,8.6,0.7
12/07/24,23.9,22.7,93.1,17.6,256,1005.4,97.5,6.3,8
13/07/24,23.5,22.4,93.7,23.8,254.2,1004.9,98.2,4.6,10
14/07/24,23.6,22.7,94.9,18,262.5,1003,98.3,2.9,29
15/07/24,24.6,22.8,90.1,15.5,265.3,1002.1,94.2,4.9,0.2
16/07/24,24.5,22.4,88.3,17.6,250.9,1002.1,95.5,9.8,7.1
17/07/24,24.4,22.9,91.3,18.7,243.5,1003.4,94.6,4.6,5
18/07/24,24.1,22.3,89.9,17.6,252.7,1004.1,95.1,3.5,0.6
19/07/24,24,22.4,91,28.8,252.9,1002.4,96.2,5.4,0.5
20/07/24,23.6,22.5,93.5,22.3,247.4,1003.2,96.6,5.2,1
21/07/24,24.1,22.6,91.8,22,249.9,1003.3,96.2,4,0.4
22/07/24,23.4,22.4,94.2,26.3,250.8,1005.1,97.5,5.5,9.6
23/07/24,23.4,22.4,94.4,24.5,253.5,1005.9,97.9,3.7,25
24/07/24,23.2,22.4,95.5,28.1,253.1,1003.6,99.6,5.4,51
25/07/24,22.4,21.9,96.9,29.5,259,1002.8,100,4.8,135
26/07/24,23.7,22.4,93.1,25.2,258.5,1003.6,97.2,13.5,1
27/07/24,24,22.7,92.9,26.6,260,1004.4,97.1,10.9,0.2
28/07/24,23.7,22.8,94.8,21.2,258.4,1002.3,97.9,5.2,9.8
29/07/24,24,22.8,93.3,23,252.4,1001.2,98.1,6.8,4
30/07/24,24.3,23.2,93.6,20.5,246.8,1004.5,92.5,5,10
31/07/24,24.2,23,93.2,18,252.6,1006.7,95.9,3.5,23
01/08/24,24.2,22.8,92.2,22,253.4,1006.5,97.6,5.2,2
02/08/24,23.6,22.5,93.7,23.8,253.2,1006.1,97.7,5.4,22
03/08/24,23.4,22.3,93.8,25.2,251,1006.4,97.8,3.2,15
04/08/24,23.3,22.3,94.3,19.1,251.7,1007.2,98.8,3.2,41
05/08/24,24,22.3,90.3,22.3,250.9,1007.8,94.5,7.5,5
06/08/24,24,22.4,90.6,20.2,255.7,1007.8,91.6,9.1,2.9
07/08/24,23.8,22.1,90.5,19.8,260,1007.9,97.2,10,0.3
08/08/24,24.3,22.3,89.1,15.8,262.6,1008.7,94.8,16.8,3
09/08/24,23.9,22.3,90.9,14.4,256.6,1009.8,96.1,14.4,0.8
10/08/24,24.2,22.2,88.8,15.5,259.4,1009.8,86.8,16.8,0.3
11/08/24,24.2,22.1,88.4,18,263.1,1008.2,91.9,15.9,2
12/08/24,24.4,22.5,89.3,15.1,257.5,1008.4,89.2,22.6,1.4
13/08/24,25.6,22.1,82.3,11.5,266.8,1008.2,83.6,18.4,0.7
14/08/24,25.6,22.3,82.5,11.5,280.4,1008,84.8,16.4,0.5
15/08/24,25.6,22.3,82.7,12.6,277.2,1007.1,85.4,18.2,0.1
16/08/24,25.9,22.3,81.6,15.5,273.1,1006,88.6,18.4,0.6
17/08/24,25.7,22.7,84.4,6.8,288.4,1007.1,90.5,17.7,34
18/08/24,25.9,23.5,87.4,9.4,350.4,1007.8,97.9,15.6,37
19/08/24,25.1,23.4,90.8,10.1,341.5,1007.2,94.9,15.5,12
20/08/24,24.8,23,90.2,8.3,295.6,1006.8,89.8,17.2,6.4
21/08/24,25.4,23.3,88.9,7.6,55.7,1006.9,90,16.2,2.6
22/08/24,25.8,23.8,89.6,7.6,239.8,1006.3,91.3,14.6,6
23/08/24,25.1,23.4,90.6,17.6,216.7,1007.1,96.2,17.2,4
24/08/24,23.1,22.5,96.8,25.2,243.6,1007.9,99.1,8.7,28
25/08/24,22.7,21.9,95.3,21.2,256.5,1006.8,99.6,6.4,22
26/08/24,23.1,21.9,93.2,23.8,248.2,1005.7,96.6,10.5,4
27/08/24,23.2,22,92.8,23.4,239.9,1006.6,97.2,17.1,16
28/08/24,23.9,21.9,88.8,26.3,240.4,1007.4,84.5,6.9,1
29/08/24,24.5,22.2,87.7,22,241.9,1006.8,78.9,11.3,1
30/08/24,24.5,22.4,88.5,16.6,244,1007.7,82.9,13.7,5
31/08/24,24.7,22.2,86.5,14,268,1008.5,91.8,15.9,0.9
01/09/24,24.1,22.1,88.7,16.6,276.6,1008.1,97.5,17.8,3.1
02/09/24,23.4,22.5,94.5,14.8,272.3,1006.8,99.6,7.5,1.1
03/09/24,24.2,22.5,90.5,14.4,260.4,1007.4,97.1,8.4,7.6
04/09/24,24.3,22.4,89.5,18,259.2,1008.6,95.6,7.4,0.1
05/09/24,24,22.4,91.1,16.9,256.9,1007.4,92.3,6.6,9.9
06/09/24,24.1,22.2,89.5,19.8,262.4,1008.1,84.4,11.7,0.2
07/09/24,24.3,22,87.3,18,262.1,1008.8,78.6,16.3,0.2
08/09/24,24.5,22.1,87,15.5,257.9,1008.8,80.1,15.4,0.3
09/09/24,24.3,22.2,88.9,12.6,258.4,1006.7,91.4,16.6,0.4
10/09/24,24,22.1,89.7,15.1,250.3,1005.8,84.8,16,0.2
11/09/24,23.9,21.8,88.6,17.3,245.7,1006.8,96.2,16.9,0.1
12/09/24,24,20.8,83.5,20.2,250.4,1008.7,88,16.3,0.2
13/09/24,23.8,20.7,83.6,19.1,251.2,1009.5,91.9,20.7,1.2
14/09/24,23.6,20.4,83.4,19.4,251.7,1008.8,60.5,18.4,0.1
15/09/24,22.9,20.7,88,15.8,261.3,1009.4,72.2,17.2,1.8
16/09/24,23.8,20.6,83.6,14.4,263.7,1009.9,75.7,18.1,1.9
17/09/24,24.3,20,78.7,14.4,287.7,1009.8,59.5,17.8,0.8
18/09/24,24.1,19.8,78.8,11.2,272.8,1008.2,45.2,17.9,0.1
19/09/24,24.9,20.4,77.6,10.1,268.1,1008.5,45.9,17.6,0.5
20/09/24,25.4,21.3,79.6,11.5,272.6,1008.7,64.5,16.1,1
21/09/24,24.9,21.8,83.5,12.2,279.8,1009.5,85.6,12.9,0.1
22/09/24,25.2,21.8,82.5,9.7,297.7,1008.6,76.7,18.1,17.2
23/09/24,25.2,23.5,90.4,12.2,298.2,1007.6,96.3,12.6,3
24/09/24,24.2,23.1,94.1,10.1,284.1,1006.4,95.9,8.4,19
25/09/24,24.2,23.1,93.8,10.4,255.2,1005.3,97.5,7.4,133
26/09/24,22.7,22,96,20.9,241.9,1004.9,97.5,3.5,4
27/09/24,23.6,22.2,91.9,24.8,247.8,1006.3,94,8.5,1
28/09/24,23.9,22,89.6,19.1,252.1,1009.3,89.4,15.7,3.9
29/09/24,24.9,22.1,85.3,12.6,250.8,1011.3,68.8,16.6,0.9
30/09/24,25.6,22,82,6.8,273.8,1011.5,54.5,19,0
01/10/24,26.6,23,82.3,5.8,24.2,1009.4,68.7,18.4,0.7
02/10/24,26.1,22.2,80.2,14,276.9,1009.6,65.5,16.1,2
03/10/24,25.8,22.7,84.1,13.3,259.3,1010.3,71.8,17.1,8.9
04/10/24,25.4,21.7,81.3,14.4,269.2,1010.5,77.4,18.4,0.6
05/10/24,24.7,20.1,78.1,10.4,280.5,1010.3,59,18.4,0.3
06/10/24,25.4,21.5,80.3,12.6,61.4,1010.8,53.9,18.7,0.9
07/10/24,26.3,21.2,75.4,13,84.9,1011.7,52.3,18.2,0.5
08/10/24,25.8,21.6,78.7,13,85.9,1012,51.6,18.2,4.1
09/10/24,25,21.7,82.7,9.4,90.8,1010.5,94.4,14,0.4
10/10/24,25,21.6,82.1,20.5,101.7,1008.6,78.9,18,3.1
11/10/24,24.8,21.7,84.1,22.7,113.3,1008.3,91.9,18.1,18
12/10/24,25.3,22.4,85,14.4,107.3,1009.3,72.9,16.2,5
13/10/24,25.7,21.7,79.5,17.6,121.3,1009.5,54.1,17.1,0.1
14/10/24,26.1,21.8,78.7,11.9,113.3,1010.3,70.7,18.3,1.3
15/10/24,25.3,22.1,83.1,11.2,80.6,1011,76.5,17.3,1.8
16/10/24,25.6,22.5,84.1,11.9,75.9,1010.1,90.8,17.9,4.2
17/10/24,25.4,23.2,88.7,14.8,79.8,1009.3,88.8,17.2,9.8
18/10/24,25.7,22.5,83.9,20.5,104.8,1009.2,91.3,16.6,0.2
19/10/24,25.3,22.6,86.3,9.4,129.7,1011.1,86.1,17.5,19
20/10/24,24.9,22.3,86.1,11.5,89,1012.3,86.7,17.4,1
21/10/24,24.1,21,83.7,13.3,100.7,1012.2,84.1,18.2,1.8
22/10/24,25.4,21.6,80.4,9.4,89.8,1012.1,67,17.1,2
23/10/24,25.8,22.3,82.2,9.4,72,1012.1,46,18.1,4
24/10/24,25.1,20.2,76.4,9.7,60.1,1011.7,44.2,18.2,0
25/10/24,24.6,18,70,9.4,50.7,1011.7,69.8,18.2,0
26/10/24,24,17.9,70.8,11.9,65.8,1011.9,17.2,18.2,0
27/10/24,25.1,17.9,67.1,9.7,339.1,1010.5,3.7,19.2,0
28/10/24,24.9,17.6,67.6,18.4,305.7,1009,23.8,18.3,0
29/10/24,25.1,19.4,73.9,8.6,322,1010.1,54.4,18.4,0
30/10/24,25.4,20.5,76.9,6.5,76.7,1011.2,51.3,18.2,0.1
31/10/24,26,20.7,74.2,14.8,86.4,1012,24.9,17.8,0.1
01/11/24,25.9,20.9,75.6,12.2,75.7,1013.1,37.9,18.2,0.1
02/11/24,25.2,19.1,71.7,14.8,77.9,1013.7,13.5,18.2,0
03/11/24,24,18,71.6,14.4,89.4,1013.7,9.2,18.2,0
04/11/24,23.8,17.6,70.6,13.3,91,1012.8,17.2,18.2,0
05/11/24,23.5,16.8,68.6,13.3,89.3,1013.4,18.8,18.2,0
06/11/24,23.6,16.7,67.4,11.2,69.9,1014.2,5.3,18.2,0
07/11/24,23,16.2,67.9,13.7,86.4,1013.9,10.4,18.2,0
08/11/24,22.9,16,67.4,16.2,82.4,1013.7,4.3,17.9,0
09/11/24,22.5,15.5,67.1,13.3,85,1013.7,6.2,17.7,0
10/11/24,22.2,15.6,68.3,11.5,79.2,1014.1,21.2,18.2,0
11/11/24,22.3,14.6,64.1,14.4,74.8,1013.6,13.5,18.2,0
12/11/24,21.9,14.4,65.1,16.6,79.2,1013,0.5,18.2,0
13/11/24,22.2,15.2,66.8,16.2,85.7,1011.8,2.2,18.2,0
14/11/24,23.2,17.6,72,14,95.1,1012.8,41.4,17.9,0.1
15/11/24,24.4,19.7,76.1,12.2,97.7,1013.6,76.3,17.8,0.3
16/11/24,24.7,19.4,74.1,12.2,78.8,1012.5,59.9,18.1,0
17/11/24,24.2,15.8,61.9,14.4,88.1,1012.4,28.4,18.2,0
18/11/24,22.5,12.9,55.9,13,81.3,1014.1,1.9,24.1,0
19/11/24,21,12.6,60.3,11.2,84.4,1015.2,0,24.1,0
20/11/24,20.8,12.7,61.1,16.2,89.6,1014.3,0,24.1,0
21/11/24,20.6,12.7,62.1,12.2,86.4,1013.9,0.2,24.1,0
22/11/24,20.6,10.8,57.7,10.4,85.8,1012.9,54.8,18.7,0
23/11/24,21.1,13.2,63.3,7.2,97.8,1013.9,66,18.2,0
24/11/24,20.6,14,68.3,11.5,89.4,1014.3,76.1,18.2,0
25/11/24,19.9,12,64,14,84.1,1014.1,63,18.2,0
26/11/24,19.3,10.4,59.5,14.4,84.7,1013.9,40.8,17.9,0
27/11/24,19.3,9.6,56.4,14.8,85.6,1013.3,54.4,19.2,0
28/11/24,19,8.9,55.8,21.6,83.8,1013.2,44.1,18,0
29/11/24,18.8,8.2,53.4,16.6,81.6,1013.3,20.4,18.2,0
30/11/24,18.9,10.9,62.2,9.4,73.3,1011.8,66.7,18,0
01/12/24,20.7,15.3,72.1,11.2,73.3,1010.5,96.3,23.3,0
02/12/24,23.5,18.3,73.6,15.8,82.8,1009.5,85.2,18.7,0
03/12/24,24.9,20.1,75.4,22.3,95.8,1011,87.8,18.8,0.3
04/12/24,25.3,20.6,76.5,20.9,98,1011.9,80.2,18.9,0.4
05/12/24,25.2,19.9,74.1,10.1,83.8,1012.6,25.9,18.2,0
06/12/24,25.1,20,74.7,6.1,22.1,1012.3,38.2,17.9,0.3
07/12/24,24.5,18,69.7,11.9,321,1011.4,23.2,18.2,0
08/12/24,23.1,14.3,60.5,13.7,288.1,1011.6,32.6,18.2,0
09/12/24,21.2,11.8,57.8,7.9,50.1,1012.4,15.3,18.2,0
10/12/24,20.4,11.9,59.9,13,86.1,1013.5,30.2,18.2,0
11/12/24,21.1,15,70.3,11.2,80.3,1013.9,26.6,18.2,0
12/12/24,20.8,14.2,68.7,8.6,76.6,1013.1,16.2,17.9,0
13/12/24,20.2,11.7,60.9,15.5,83.4,1014,76.3,17.9,0
14/12/24,19.2,10.3,59,13.3,87.8,1015.5,41.8,18.2,0
15/12/24,19.1,9.1,56.1,11.2,87,1016.3,17.1,18.4,0
16/12/24,18.7,7.3,52.3,11.2,84,1015.1,1.7,18.2,0
17/12/24,18.7,8.1,54.7,9.7,91.5,1013.7,28.8,18.2,0
18/12/24,18.5,9.4,59.4,9.4,90,1013,15.7,19.3,0
19/12/24,19.6,10.6,60.5,9,123.2,1012,30.5,18,0
20/12/24,21.3,14,66.2,8.3,272.6,1011.6,43.2,18.2,0
21/12/24,21.5,16.5,76.7,9,248.4,1011.5,41.1,17.7,0
22/12/24,21.2,17.1,80.3,14.4,249.8,1012.5,58.7,18.7,0
23/12/24,21.1,16.9,78.9,10.4,267.3,1012.6,55.3,18.2,0
24/12/24,21.3,16.8,78.1,10.1,265.1,1012.6,42.8,17.9,0
25/12/24,22.1,16.6,73.3,9.4,60.4,1013.8,41.3,17.4,0
26/12/24,22.3,17.7,76.6,11.2,111.3,1015.6,53,17.9,0.1
27/12/24,22.5,18.1,77.5,14.8,138.6,1015.9,41,18.1,0.5
28/12/24,23.1,19.2,80.8,9.4,216.9,1015.6,49.9,18,6
29/12/24,23.3,18.4,76.1,8.6,74.8,1015.8,46.9,18.2,0.1
30/12/24,22.9,17.1,72.4,10.4,69.6,1016.1,18.3,17.9,0
31/12/24,22.6,15.5,67.4,13,88,1016.4,3.4,18.2,0
01/01/25,22,15.8,70.6,7.8,77.2,1015.4,3.2,11.2,0
02/01/25,22.1,13.6,63.1,8.7,78.6,1015.2,8.8,11.2,0
03/01/25,21,10.4,56.5,8.7,83.8,1015.7,30,11.3,0
04/01/25,20,8.6,51.9,6.7,84.9,1014.4,3.9,11.3,0
05/01/25,20.7,10.2,54.5,5.1,97.4,1013.5,20.6,11.1,0
06/01/25,21.2,13.3,64.7,5.4,331,1013.1,2.2,11.8,0
07/01/25,20.4,12.4,62.7,7.6,67.8,1013.9,0,684.8,0
08/01/25,20.2,12.6,64,7.6,83.3,1014,56.8,11.3,0
09/01/25,19.9,10.5,57.2,8.9,91.7,1014.4,50.3,11.3,0
10/01/25,20.2,11.8,60.5,6.9,95.3,1015.4,65.2,11.1,0
11/01/25,20.9,14.3,68.2,6,250.7,1014.9,46.5,10.8,0
12/01/25,21.5,15.5,71.1,4,6.6,1014.6,46.9,10.8,0
13/01/25,22,15.4,67.9,10.3,77.5,1014,23.4,10.8,0
14/01/25,22.6,15.7,67,7.8,110.6,1014,27.4,11,0
15/01/25,23.2,16.4,67.9,7.8,172.7,1014.7,63.6,11.1,0
16/01/25,23.1,16.2,69.1,6,80.7,1014.8,52.4,11.1,0
17/01/25,22.3,14.7,64.6,11.2,84.7,1014.4,14.2,11.1,0
18/01/25,21.4,12.4,59.8,11.6,94.1,1014.3,0.6,11.3,0
19/01/25,21.1,12.6,60.3,8.9,82,1014.6,3,11,0
20/01/25,21.5,12.8,60.7,7.4,80.2,1014,7.8,11.3,0
21/01/25,21.8,12.4,59.1,5.8,82.1,1012.5,8.9,11.3,0
22/01/25,22.3,12.3,58.6,4.9,79.1,1012.1,0,11.3,0
23/01/25,22.5,13.8,63.5,4.9,22.3,1011.7,11.3,11.1,0
24/01/25,22.8,14.5,62.8,6.7,72.6,1011.3,15.6,11.3,0
25/01/25,23.6,14,59.8,6,74.3,1012.4,0.4,11.4,0
26/01/25,23.2,12.7,56.3,6.5,77.9,1012.3,1.7,11.1,0
27/01/25,23.5,13.2,56.5,4,36.9,1011.8,15.1,11.1,0
28/01/25,24.1,14.8,60.4,6,276.9,1011.3,51.6,11.1,0
29/01/25,24.5,13.2,53.5,5.1,305.7,1012.6,59.4,11.3,0
30/01/25,24,13.1,53.9,7.8,264.2,1011.7,13.9,11.3,0
31/01/25,23.8,13,54.4,6.7,271.1,1011,23.4,11.1,0
01/02/25,22.7,11.8,54.6,7.4,291.9,1012.1,46.7,11.3,0
02/02/25,23.7,13,54.9,4.7,28.4,1012.4,42,11.3,0
03/02/25,24.2,14.1,56.8,6.3,270.7,1012.5,31,11.5,0
04/02/25,23.9,14.2,59,8.3,303.1,1013.2,55.1,11,0
05/02/25,23.1,13.1,57.3,6.3,40.4,1012.4,30.5,11.4,0
06/02/25,23.4,13.3,56.4,8.5,72.2,1012,5.5,11.3,0
07/02/25,24.3,14.4,57.1,7.4,77.1,1013.3,9.9,11.3,0
08/02/25,24.6,15.2,58.5,6.3,58.5,1013.2,7.7,11.1,0
09/02/25,25,15.2,58,4.7,47.7,1012.5,18.2,11.2,0
10/02/25,25.5,14.5,53.7,4.9,329.6,1013.3,24.2,12,0
11/02/25,24.5,12.8,51.3,7.6,320.5,1014,3.4,12,0
12/02/25,24.3,11,48.2,5.6,329.7,1014.3,0,11.7,0
13/02/25,23.1,9.8,46.7,6.7,65.1,1014.3,0,11.5,0
14/02/25,23.5,10.3,46.8,7.6,74.5,1013.9,0,11.3,0
15/02/25,24.1,9.2,43.4,6,56.1,1013,0,11.5,0
16/02/25,24.4,9.4,42.5,5.8,358.3,1012.8,0,11.3,0
17/02/25,24.2,9.2,42.8,5.6,30.4,1013.3,0,11.1,0
18/02/25,24.8,11.5,47.6,6.5,1.2,1013.3,0,11.5,0
19/02/25,24.8,11.9,48.6,7.6,325.1,1012.2,0.2,11.1,0
20/02/25,24.4,11.2,47.4,7.4,43.9,1012.8,14.1,11.4,0
21/02/25,24.5,10.5,44.5,8.7,61,1014.4,4.8,11.1,0
22/02/25,25.3,11.1,44.4,6.9,62,1015,3.8,11.5,0
23/02/25,25.1,9.9,42.2,6.9,63.3,1015.1,2.8,11.5,0
24/02/25,24.6,9.2,40.9,10.3,76.7,1015.3,14.2,11.5,0
25/02/25,24.8,10,42.2,9.4,79.9,1016,55.9,11.3,0
26/02/25,24.8,11.8,47.8,9.6,81.3,1016.2,5.6,11.4,0
27/02/25,25.8,12.2,45.6,7.4,93.6,1014.6,4.2,11.5,0
28/02/25,26.1,13.9,49.8,5.1,58.9,1013,56.1,12.9,0
01/03/25,26.5,13.7,48.3,7.2,46.1,1012.6,9.5,11.5,0
02/03/25,26.5,13.9,49,7.6,3.4,1011.3,60.2,11.5,0
03/03/25,26.5,11.6,43.8,7.6,354.9,1011.6,52.1,11.3,0
04/03/25,26.3,11.5,43,6.3,33.5,1012,17.5,11.3,0
05/03/25,25.5,10.8,42,8.7,52.2,1012.9,0.5,11.1,0
06/03/25,24.5,6.1,34.2,5.8,52.8,1013.3,0,11.3,0
07/03/25,25.4,6.5,34.4,6.5,69.1,1011.5,0.1,11.6,0
08/03/25,26.7,9,37.1,8.3,303.2,1009.6,0,11.5,0
09/03/25,26.8,10,38.7,8.3,54.3,1009.8,0,11.5,0
10/03/25,26.7,11.9,42.9,9.4,88.5,1012,0,11.5,0
11/03/25,27.4,13,43.2,8.9,89.9,1013,1.6,11.5,0
12/03/25,28.3,12.7,42.5,5.1,66,1011.3,1.5,11.3,0
13/03/25,28.8,13.3,41.6,8.9,299.6,1010.3,1.5,11.5,0
14/03/25,28.3,13.8,45.8,8.9,289.1,1010.7,4.6,11.5,0
15/03/25,27.7,12,42.6,9.4,312.2,1011.3,12.2,11.5,0
16/03/25,28,11.5,39,8.5,313.4,1011.5,15.4,11.5,0
17/03/25,27.6,12.2,41.5,10.7,307.5,1011.5,39.6,11.5,0
18/03/25,27.9,11.5,39.3,10.1,281.4,1010.9,16.4,11.5,0
19/03/25,27.4,11,40.8,10.3,271.5,1012,11,11.5,0
20/03/25,26.9,10,39.6,10.1,315.4,1013.6,11.3,11.5,0
21/03/25,26.3,9.2,36.1,10.1,303.7,1014.2,7.6,11.5,0
22/03/25,26.1,11.5,45.5,8.1,286.5,1013.1,0,11.5,0
23/03/25,27.4,13.3,48,6.7,335.6,1012.7,0.4,11.3,0
24/03/25,28.3,13,45.4,7.4,355.4,1012.6,2.6,11.5,0
25/03/25,28,15.5,52.6,9.4,317.2,1009.9,4.9,11.5,0
26/03/25,27.6,14.4,48.6,11.2,276.6,1008.6,6.6,11.5,0.3
27/03/25,26.9,13.5,47.8,11.4,289.1,1009.8,18.1,11.5,0
28/03/25,27.6,14.9,50.6,9.2,304.3,1008.8,8.2,11.4,0
29/03/25,28.8,14.3,45.5,6.9,19.7,1008,34.6,11.5,0
30/03/25,29.7,13.7,40.1,8.9,272.7,1008.3,56,11.5,0
31/03/25,29.3,15.1,44.9,6.5,273.1,1008.5,40.7,11.4,0
01/04/25,28.7,14.9,44.4,4.7,11.3,1008.4,65.4,11.3,0.2
02/04/25,28.7,15.5,45.5,9.4,84.4,1009.3,55.1,11.5,0.2
03/04/25,26.1,18.8,67.3,8.9,280,1011.8,45.7,11,6
04/04/25,26.5,17.7,62.3,7.2,15.1,1013,26.3,11.2,0.6
05/04/25,28.2,14.5,51.1,6.7,48.4,1011,5.7,11.5,0
06/04/25,29.1,12.7,40.8,8.1,326.4,1009.6,3.9,11.3,0
07/04/25,29.8,12.8,40.5,5.8,340,1009.2,7.1,11.5,0
08/04/25,30.8,12.1,36,8.3,4.1,1009.5,28.6,11.5,0
09/04/25,30.5,17,50.7,8.5,290.4,1009.2,20.9,11.5,0.1
10/04/25,29.1,19.4,60.7,8.3,268.3,1007.9,27.8,11.2,0.8
11/04/25,28.3,17.6,58.3,8.9,270.5,1007.6,35.1,11.2,0
12/04/25,27.5,17.5,59.1,10.7,271.4,1009.3,23.4,11.5,0.2
13/04/25,27.7,16.2,56.3,12.5,295,1010.6,32.8,11.5,0
14/04/25,29.1,12.7,43.5,11.2,315.5,1009.2,1.9,11.5,0
15/04/25,29.8,11.6,35.7,12.1,301.8,1008.5,9.5,11.5,0
16/04/25,29.6,14.9,43.9,11.9,285,1008.3,16.3,11.5,0
17/04/25,29.1,17,53.7,12.1,282.6,1008.5,13.5,11.5,0
18/04/25,29.1,18,56.2,11.9,278.1,1007.7,13.6,11.3,0.1
19/04/25,29.3,17,53.4,12.1,283.5,1008.1,15.5,11.5,0
20/04/25,29.2,14.7,47.9,11.6,289.6,1008.4,1,11.5,0
21/04/25,29.7,16.6,50.7,10.3,290.8,1010,18.1,11.5,0
22/04/25,30.7,18.2,51.8,11.6,288.7,1010.1,27.6,11.3,0
23/04/25,30.9,17,48.6,11.9,281.3,1008.7,26.8,11.4,0
24/04/25,30.1,17.6,52.5,11.2,271.3,1008,21.1,11.5,0
25/04/25,30,16.2,47.9,10.7,274.6,1008.2,37.3,11.5,0.1
26/04/25,29.5,14.9,44.7,8.5,277.1,1008.2,26.3,11.3,0.2
27/04/25,29.9,15.6,47.4,11.9,289.5,1008.4,20.7,11.5,0.1
28/04/25,29.7,17.1,53.9,11.9,281.5,1007.8,17.8,11.5,0.1
29/04/25,30.2,18.3,54.2,11.6,275.6,1007.1,12.7,11.5,0.1
30/04/25,29.8,18.5,55.6,11.9,282.6,1008,26.2,11.5,0
01/05/25,30.2,17.3,51.3,12.5,293.2,1008.4,16.8,11.5,0
02/05/25,30.3,13.1,39.2,12.5,292,1008.7,17,11.5,0
03/05/25,29.6,13,38.7,11.4,275.6,1008.5,19.5,11.5,0
04/05/25,28.5,16.7,53.7,11.6,274.5,1008.4,19.6,11.5,0
05/05/25,28.6,17.4,56.7,10.7,275.9,1007.6,10.9,11.3,0.1
06/05/25,27.8,18.7,62.4,12.1,272.7,1009.1,18.8,11.5,0.6
07/05/25,25.7,18.4,66.4,13.9,264,1008.3,37.7,11.5,1
08/05/25,25.4,19.2,69.9,11.6,251.4,1008.4,80.2,11.5,1.3
09/05/25,25.7,20,71.8,9.2,234.6,1009.2,61,11.1,11
10/05/25,26.7,19.6,68.6,9.4,244.6,1009.2,37.3,11.3,0.1
11/05/25,27.3,20.5,68.9,8.1,265.4,1008.5,56.5,11.5,1.3
12/05/25,27.4,21,70.5,8.9,271,1007.4,41.7,11.2,3
13/05/25,26.2,22.1,79.3,7.6,278,1007.9,58.8,11.2,19
14/05/25,26.3,21.7,76.7,6.9,282.5,1008.1,80.5,10.7,12
15/05/25,26.8,22.2,77.2,7.8,278.6,1008.3,59,9.6,0.3
16/05/25,25.8,23.1,85.7,7.6,263.9,1008.4,74.6,11.2,27
17/05/25,26.8,22.7,79.5,8.7,269.7,1007.7,70.2,11.2,7.1
18/05/25,25.9,22.9,84.3,7.4,273.5,1007.1,90.5,9.5,14
19/05/25,26.3,23.1,84,3.8,288.4,1006.1,89.6,10.5,7
20/05/25,25.6,23.3,88.2,11.4,350.8,1005.2,91.9,10,40
21/05/25,25.4,22.6,85.6,7.8,61.7,1005,96.4,9.7,6
22/05/25,24.5,23,91.4,5.4,94.5,1003.9,99.1,9.8,0.1
23/05/25,23.7,22.8,94.9,9.4,57.5,1001.6,98.3,7.9,11.9
24/05/25,23.2,21.9,92.1,9.7,20.1,1001,100,8,8
25/05/25,23.8,22.9,94.4,12.5,297.5,1002.8,100,7.1,29
26/05/25,23.6,22.8,95.4,12.1,281.7,1003.5,99,4.7,34
27/05/25,22.9,22.3,96.7,9.4,282,1003.5,97.5,6,36
28/05/25,24.7,22.5,88.1,11.4,266.2,1003.4,86.8,7.4,7
29/05/25,26.6,23.2,82.1,12.1,261.7,1002.1,86.9,11.5,0.8
30/05/25,27.1,22.8,78.2,14.8,261.3,1003.3,71.9,11.5,0.4
31/05/25,27.1,22,74.8,15.2,254.1,1006.6,80.7,11.5,0.1
01/06/25,25.8,22.2,80.6,11.9,239.6,1007.4,81,11.3,1
02/06/25,25.9,21.6,78.5,12.8,240.8,1006.5,68.3,11.5,1.2
03/06/25,26.5,21.7,76.1,12.8,244.7,1006.8,69.5,11.5,0.7
04/06/25,24,21.7,87,9.8,237,1008.3,73.7,11,16
05/06/25,24.9,21.5,82.5,7.8,274,1009.8,33.8,11.3,4.8
06/06/25,25.6,22.2,82.6,7.2,274,1010.4,45.7,11.1,15
07/06/25,25,22.7,87.5,8.3,271.4,1010.8,67.3,10.8,5
08/06/25,26,22.7,82.7,10.1,274.9,1009.9,72.4,11.5,1.3
09/06/25,26.1,22.7,82.2,11.4,280.2,1008.8,80.1,11.3,2.6
10/06/25,25.9,22,79.9,11,282.6,1006.8,66.1,11.5,0.2
11/06/25,26.3,22.7,80.9,11.9,287.9,1005,90.9,11.2,5
12/06/25,25.3,23.6,91.1,11.6,291.3,1003.6,94.4,9.5,24
13/06/25,24.8,23.1,90.8,9.8,312.7,1002.8,97.3,7.6,63
14/06/25,26.1,23.9,88.3,6.3,160.2,1001.7,94.3,8.8,0.3
15/06/25,25.7,24,90.7,5.8,172.3,999.2,96.9,9.4,3
16/06/25,23.9,22.6,92.8,15.4,243.8,1000,99.5,5.2,37
17/06/25,25.4,22.6,85.2,15.9,236.8,1003.3,77.4,8.5,1
18/06/25,24.8,23,89.6,16.1,243.6,1003.8,90.6,6,4.1
19/06/25,24,22.8,93.3,14.8,250,1004.6,98.2,3.9,55.9
20/06/25,24.9,23,89.4,15.9,250.9,1006.1,93.3,9,0.2
21/06/25,24.8,22.7,88.5,15,247.6,1006.9,90.6,9.4,5.8
22/06/25,24.8,22.5,87.1,15,248.9,1006,85.2,9.9,0.3
23/06/25,24.3,22.4,89.4,16.6,248,1004.1,91.3,9.4,3
24/06/25,24.5,22.4,88.8,14.1,256.6,1003.2,96.5,7.4,15.8
25/06/25,25,22.7,87.4,13.4,249.9,1002.7,94,10.2,5
26/06/25,24.9,22.6,87.5,12.8,246.9,1003.1,96.4,11.1,0.2
27/06/25,24.7,22.4,87.8,15.7,238.9,1003.9,89,9.8,1
28/06/25,24.9,21.8,83.7,16.6,240.7,1005.3,75.6,9,0.5
29/06/25,24.4,21.8,85.6,14.5,250,1005.6,94.1,9.8,2.6
30/06/25,24.5,22.4,88.5,17.9,251.3,1005,89.2,8.9,3
01/07/25,24.2,22.2,88.7,15.7,254,1005.4,95,5.3,0.4
02/07/25,23.9,22.3,91.1,14.5,254.7,1004.6,98.3,6.5,15.6
03/07/25,24.1,22.1,88.7,15.9,249.1,1004.7,91.2,5.3,3.3
04/07/25,24.1,22.1,89.3,15.4,245.4,1005.6,94,5.3,0.4
05/07/25,23.8,22.2,90.8,15.7,250.4,1005.5,97.9,2.9,7.6
06/07/25,23.8,22.2,91.2,15.9,246.3,1004.6,96.2,7.6,6
07/07/25,24.1,22.2,89.6,14.1,252.4,1005.3,98.2,8.1,3.6
08/07/25,23.9,22.2,90.1,13.4,253.3,1006.3,95.4,6.6,0.2
09/07/25,24.3,22.2,88.9,11,252.7,1006.5,95.4,8.6,19
10/07/25,24.6,22.4,88,11.6,251.6,1006.6,88.6,9,2.2
11/07/25,24.8,22.3,86.4,9.2,252.8,1006.8,88.7,11.5,7.1
12/07/25,25,22,84.2,12.1,260,1007.3,83.4,10.7,1.5
13/07/25,24.3,21.9,86.8,11.4,256.8,1007,92.3,10.9,0.4
14/07/25,23.9,22.1,89.9,12.1,247.9,1005.8,98.1,7.7,6
15/07/25,23.8,22.6,92.8,9.8,253.8,1005.1,96,5.3,7
16/07/25,25.2,22.5,85.9,10.7,264.9,1005.1,94.7,8,1.5
17/07/25,25.5,22.5,84,8.1,261.2,1005.8,93.3,11.4,0.7
18/07/25,25.2,22.1,83.6,10.5,260.6,1006.4,92.9,11.5,0.8
19/07/25,25,21.9,83.7,10.7,259.1,1004.5,80.8,11.2,1.2
20/07/25,24.6,22.1,86.6,9.8,252.7,1003.6,86.3,11.5,0.1
21/07/25,24.5,22.1,87.1,8.9,255.4,1004.6,96.3,10.6,3.8
22/07/25,24.1,22.1,88.8,10.3,260.3,1005.4,95.2,10.4,0.1
23/07/25,23.3,21.9,92.1,10.3,260.7,1004.3,96.7,4.5,3
24/07/25,23.3,22.1,92.9,11.9,251.8,1002.9,97.8,2.4,0.1
25/07/25,23.2,22.3,94.7,11,251.4,1002.4,99.9,1.8,7.9
26/07/25,23,22.2,95.5,15.2,260.5,1003.2,99.6,2.2,13
27/07/25,23.4,21.7,90.5,18.3,256.5,1004.6,88.7,4.7,6.8
28/07/25,23.1,21.6,91.8,17.2,255.6,1006.1,95.3,8.5,4.4
29/07/25,23.2,21.7,91.6,18.6,258.3,1006.5,94.9,8.4,0.5
30/07/25,23.3,22,92.7,16.1,256.9,1006,98.5,5.2,2.6
31/07/25,23.7,22.3,91.9,16.1,252.7,1006.6,96,9.1,0.4
01/08/25,24.1,21.7,87,13.2,256.9,1007.5,91,10.9,2.6
02/08/25,24.1,21.9,87.9,11.2,259.5,1007.7,93,11.3,1.2
03/08/25,24.7,21.7,84.3,8.5,251.4,1008.4,86.3,11,1.4
04/08/25,24.8,21.7,83.6,8.9,261.3,1009.3,88.1,11.3,1.5
05/08/25,25,21.8,83,8.1,271.6,1008.8,76.3,10.9,1.6
06/08/25,24.6,21.7,84.5,6,280.7,1008.7,89.9,11,0.4
07/08/25,24.7,22,85.7,7.4,276.3,1008.3,92.1,9.9,0.2
08/08/25,24.1,21.8,87.3,5.1,267.1,1009.3,98.3,10.8,1
09/08/25,24.3,21.7,85.7,7.4,258.9,1010.7,96.1,10.2,2
10/08/25,24.2,21.5,85.4,8.1,256.7,1009.8,88.6,10.5,2.8
11/08/25,24.2,21.4,84.9,10.5,259.1,1009.6,85.4,11.3,0.3
12/08/25,24.2,21.1,83.7,11.2,263.1,1008.3,86,11.2,0.9
13/08/25,23.4,21.3,88.8,7.2,259.7,1006.4,95,11.3,2.3
14/08/25,23.7,21.7,89,6.7,250.9,1005.7,93.6,5.3,6.6
15/08/25,23.4,21.9,91.6,8.5,257,1005.4,98.8,6,8
16/08/25,23.3,21.8,91.5,10.7,259.9,1004,99.2,3.1,0.8
17/08/25,23.4,21.8,91.5,10.3,252.1,1003.2,95,2.7,0.2
18/08/25,22.3,21.6,95.8,12.1,254.8,1005.3,95.8,1.6,30
19/08/25,22.6,22,96.4,15,251,1004.5,99.2,1.6,56
20/08/25,22.7,21.8,94.8,16.8,250.6,1005,98.2,2.4,10.4
21/08/25,23.7,21.9,90.6,15,251,1008.4,93,4.9,3.1
22/08/25,23.4,21.6,89.8,14.8,254.2,1009.3,91.3,7.3,0.2
23/08/25,23.3,21.3,89.3,14.5,255.4,1008.4,81.6,7.8,3.5
24/08/25,23.3,21.2,88.5,15.7,251.9,1009.2,86.4,10.1,0.1
25/08/25,22.7,21.5,93.2,13,248.9,1009.3,93.2,11.1,6.4
26/08/25,23.1,21.9,93.4,12.3,254.4,1008.7,94.2,7.8,5.4
27/08/25,23.4,22.3,93.2,8.3,263.5,1007.4,99,7.2,5.4
28/08/25,23.3,22.5,94.9,8.5,264.8,1006.5,100,5.1,13.1
29/08/25,22.9,22.4,96.9,7.4,248.5,1006.4,100,7.1,46.8
30/08/25,23.7,22.4,92.5,10.1,246.6,1008.4,92.2,8,10.6
31/08/25,23.3,22,92.3,11,252.5,1009.3,97.7,9.4,2.6
01/09/25,22.8,21.9,94.7,13,256.8,1007.4,93.8,6.6,4.4
02/09/25,23.4,21.9,91.2,13.2,266.7,1006.9,96.5,5.8,3.2
03/09/25,23.5,21.7,89.7,11.9,268.7,1007.3,98.3,11.2,3.1
04/09/25,23,21.5,91.2,12.5,261.2,1007.5,89.2,12.8,2.8
05/09/25,23.1,21.6,91.3,13.2,253.1,1008.3,98.6,6.6,2.4
06/09/25,23.1,21.5,90.9,13,243.7,1009.5,100,9.2,3.2
07/09/25,22.4,21.3,93.4,11.2,241.4,1009.8,95.8,11.5,2.4
08/09/25,23.1,21.3,90,10.7,239.1,1009.7,89.7,14.5,1.7
09/09/25,23.7,20.5,83.9,6.7,251.7,1011,78.2,15,0
10/09/25,24.1,21.1,84,7.8,278.5,1011.5,74.5,13.6,0.9
11/09/25,23.8,21,85.4,7.6,278.4,1011.2,96.7,15,2.1
12/09/25,23.7,21.5,88,6,285.7,1011.3,99.5,14.6,5.1
13/09/25,23.5,21.8,90.6,5.4,297,1010.6,99.6,13.6,8.4
14/09/25,23.3,22.7,96.5,5.6,297.7,1010.3,98.8,8.4,26.4
15/09/25,23.2,22.4,95.7,8.1,274,1009.9,100,4.7,24.4
16/09/25,22.6,22.1,97.1,5.4,265.7,1009.9,100,9.9,38.7
17/09/25,23.6,22.4,93.2,4.5,267,1009.7,99.2,11.3,14.8
18/09/25,24.2,22.7,92.1,6,267.8,1009.4,98.5,9.4,5.2
19/09/25,23.7,22.6,93.6,6.7,251.6,1010.5,98,10.2,9.8
20/09/25,23.9,22.3,91.2,7.6,262.5,1010.5,89.5,12.5,9.9
21/09/25,24.2,22.2,89.1,8.9,271.5,1010,89.4,11.9,3.8
22/09/25,23,21.9,93.6,8.1,264.9,1010.8,98.5,10.8,10.4
23/09/25,22.1,20.8,92.4,7.2,267.1,1011.8,97,11.1,13.7
24/09/25,23.6,21.2,87.3,8.7,267.9,1010.1,69.9,13.5,2.1
25/09/25,23.7,21.5,87.9,9.2,266.4,1009.2,93.6,14.8,2.1
26/09/25,22.8,21.5,92.6,6.9,273.2,1009.3,98,11.1,20.1
27/09/25,22,21.5,96.7,8.5,262.5,1009.4,100,4.2,9.6
28/09/25,21.5,21.2,98.5,13.9,251.3,1006.5,100,2,67.2
29/09/25,21.9,19.7,87.7,18.1,238.1,1006.8,77.8,11,2.1
30/09/25,21.9,19.2,85.8,13,226.3,1007.2,82.3,13.3,0.3
01/10/25,22,19.5,86.5,12.1,225.6,1007,84.4,11.5,0.7
02/10/25,22.3,19.4,85,11.9,227.9,1008.8,78.4,15,0.2
03/10/25,22.5,19.8,85.6,8.7,248.1,1011.3,59,13.9,2.3
04/10/25,22.7,19.8,85,7.6,251.6,1012.4,76.3,12.4,0.5
05/10/25,22.3,19.8,86.5,8.7,256.1,1012.6,56.7,12.3,1.9
06/10/25,22.8,20.3,86.9,12.2,253.4,1013.5,62.3,18.9,0.7
07/10/25,22.7,21.1,90.9,11.5,265.1,1013.6,63.6,18.2,3.5
08/10/25,23.6,20.9,85.9,7.6,307,1013.3,59.9,20.3,1.3
09/10/25,23.7,20.8,84.5,10.3,76,1013.8,44.4,20.4,1.4
10/10/25,24,20,79.8,11.2,50,1012.5,18.9,20.4,0
11/10/25,24.1,19.5,76.9,11.2,36.5,1012.1,26.4,20.5,0
12/10/25,24.2,19.2,75.2,14.8,62.9,1011.6,18.3,20.8,0
13/10/25,24.1,18.7,73.3,10.4,61.8,1012.3,17.3,20.8,0
14/10/25,23.6,18.1,72.2,13.7,79.9,1010.6,12.7,20.7,0
15/10/25,23.2,19.5,80,16.9,85.1,1010,34.7,19.1,3.6
16/10/25,24.7,20.8,80.2,16.2,87.7,1010.5,48.2,20.4,0.4
17/10/25,25.3,20.2,74.3,18.4,77.6,1011.7,20.1,20.8,0.1
18/10/25,24.9,19.3,72.4,14.8,84.4,1011.4,31.5,20.5,0
19/10/25,24.6,19,72.1,18.4,83.4,1009.9,18.5,20.5,0
20/10/25,24.5,17.6,66.8,16.6,79.5,1009.6,4.3,20.5,0
21/10/25,24.5,20.1,77.1,18.7,88.1,1010.5,66,20.4,2.2
22/10/25,24.5,21.4,83.6,20.5,81.3,1010.9,66.7,20.4,6.3
23/10/25,24.2,21.5,85.5,22.7,90.5,1010.1,66.4,19.8,9.8
24/10/25,23.7,21.6,88.4,21.2,95.5,1009.7,86.6,20.4,4
25/10/25,23.7,21.5,87.9,14.8,121.2,1009.1,82.1,14.1,7.2
26/10/25,22.8,21.2,91.3,16.6,137.1,1009.3,86.5,13.4,33
27/10/25,22.9,21.3,91.1,14.8,139.8,1009,85.6,16.4,11.3
28/10/25,23.4,20.9,86.8,12.2,149.8,1008.5,86,19,0.9
29/10/25,23.5,20.8,85.8,11.2,165.5,1007.5,76.7,20.6,0
30/10/25,22.2,20.2,88.9,18,207.6,1009.2,79.4,17.9,23.3
31/10/25,22.1,20.3,89.8,25.9,179.5,1011.1,79.3,20.1,2.7
01/11/25,23.1,22,93.6,14.8,203.3,1012.4,85.4,19.9,4.4
02/11/25,22.8,21.2,90.9,16.6,231.1,1014.4,70.1,19.1,1.2
03/11/25,23.3,21.3,89.4,14.8,258.1,1014.2,84.1,17.1,1
04/11/25,22.8,20.4,87.5,12.2,259.5,1013.7,85.9,20.1,1.4
05/11/25,22.1,19.3,85,9.4,267.7,1012.8,69.7,18.8,0.4
06/11/25,22.7,19.3,82.9,14.8,40.6,1012.9,67,20.5,0.2
07/11/25,23,18.2,76.3,18.4,70.9,1014.2,38,20.7,0
08/11/25,22.7,16.2,68.8,9.4,41.8,1015.5,17.5,20.7,0
09/11/25,21.6,14.3,65.3,7.6,13.8,1014.5,4.6,20.8,0
10/11/25,20.8,13.2,64.4,7.6,92.2,1014,2.7,20.8,0
11/11/25,21.1,14,65.7,14.8,67.6,1014.7,0.3,20.8,0
12/11/25,20.6,14.2,68.1,12.2,72.6,1015.4,0.6,20.8,0
13/11/25,20.6,13.3,64.6,11.5,75.6,1016.3,0,21.6,0
14/11/25,20,12.4,63.4,10.4,81,1015.8,0,24.1,0
15/11/25,19.5,11.1,60.1,11.2,84.4,1016.4,0,24.1,0
16/11/25,19.4,10.5,58,14.8,80.5,1017.5,0,24.1,0
17/11/25,18.9,9.2,55.1,15.5,83,1017,0,24.1,0
18/11/25,18.6,9.5,56.9,14.4,84,1015.4,0,24.1,0
19/11/25,19.3,11.2,61.3,10.8,79.7,1015.2,0,24.1,0
20/11/25,19.6,11.2,61,10.1,80.6,1015.4,0,24.1,0
21/11/25,20.6,13.4,64.7,12.2,81.2,1016.5,2.8,24.1,0
22/11/25,22.6,16.2,68.8,10.4,80,1015.6,14.8,24.1,0
23/11/25,23.2,17.4,71.7,6.8,17.7,1015.2,50.8,24.1,0
24/11/25,23.4,17.8,72.6,10.1,83.3,1015.2,66.3,24.1,0
25/11/25,23.4,16.6,67.1,11.9,87,1015.1,17.9,24.1,0
26/11/25,22.6,15.2,65.1,12.2,93.2,1015,23.2,24.1,0
27/11/25,22.1,14.3,62.6,16.6,89.6,1015.9,0.3,24.1,0
28/11/25,22.1,14.6,64.2,13,77.3,1015.3,27.7,24.1,0
29/11/25,20.8,12.2,60.5,15.5,75.9,1014.2,94.8,24.1,0
30/11/25,19.8,8.9,51.9,13.3,78.2,1013.8,54.1,24.1,0
01/12/25,19.5,11.6,61.6,10.1,82,1013.8,42.7,24.1,0
02/12/25,19.7,12.1,63.5,8.6,81.6,1013.8,71.5,24.1,0
03/12/25,20.3,12.9,63.6,13.3,84.6,1014.9,23.1,24.1,0
04/12/25,21.2,13.9,64.5,13.7,80.9,1016.1,1.1,24.1,0
05/12/25,21.6,15.3,68.3,15.5,81.4,1017.1,3.4,24.1,0
06/12/25,20.9,12.9,61.4,14.4,82.7,1017.8,80.5,24.1,0
07/12/25,20.8,11.9,58.1,12.6,85.4,1017.4,43.3,24.1,0
08/12/25,20.5,10.1,53.1,11.2,78.1,1017.3,0,24.1,0
09/12/25,19.9,6.7,45,18.4,86.2,1016.7,0,24.1,0
10/12/25,19.7,6,43.4,18.7,81.6,1017.4,0,24.1,0
11/12/25,18.7,5.7,45.6,14,85.5,1017,0,24.1,0
12/12/25,18.8,7.2,49.5,13.3,86,1015.5,0,24.1,0
13/12/25,19.1,8.5,52.9,10.1,81.9,1015.3,0,24.1,0
14/12/25,19.3,8.8,53.5,15.8,88.5,1016,2.4,24.1,0
15/12/25,19.1,8.5,52.6,16.2,86.1,1016,0,24.1,0
16/12/25,19.6,9.3,53.1,18,96.9,1015.4,0,24.1,0
17/12/25,20.5,11,56.3,13.3,82.6,1016.9,0,24.1,0
18/12/25,20.1,8.9,52.7,11.2,80,1017.2,0,24.1,0
19/12/25,19.4,5.9,44.2,14.8,76,1015.5,0,24.1,0
20/12/25,19.5,5.4,42.2,13.3,79,1013.8,21.5,24.1,0
21/12/25,19,7.4,48.7,11.2,83.6,1014.5,84.3,24.1,0
22/12/25,19.3,7.9,50.1,13.7,83,1014.9,28.6,24.1,0
23/12/25,19.9,8.7,50.8,14.8,81.4,1014.3,25.4,24.1,0
24/12/25,19.5,8.2,50.8,17.6,85.5,1014.3,56.9,24.1,0
25/12/25,19.1,9.1,54.5,14,93.5,1014.6,1.4,24.1,0
26/12/25,19.1,8.9,55.1,12.2,89.3,1014.3,0,24.1,0
27/12/25,19.4,9.6,55.5,12.2,90,1014.7,0,24.1,0
28/12/25,19.4,9.6,55.4,11.9,90.2,1015.2,0,24.1,0
29/12/25,19.2,10,57.7,13.3,89.2,1015.2,0,24.1,0
30/12/25,19.8,9.6,55.7,9,90.2,1014.3,0,24.1,0
31/12/25,20.3,10,55.7,13,266.9,1012.7,0,24.1,0
01/01/26,20.2,11.9,63.1,7.6,299.5,1013,6.6,24.1,0
02/01/26,20.8,13.2,65.7,7.2,331.1,1014.7,21.8,24.1,0
03/01/26,22,10.8,52.4,10.4,65.5,1014.8,26.9,24.1,0
04/01/26,23,10.2,45.8,14.8,54.7,1015.2,13.7,24.1,0
05/01/26,21.9,9.2,45.5,13.7,78.4,1016.5,5,24.1,0
06/01/26,21.2,8.2,45.5,14.4,100.4,1016.8,0.1,24.1,0
07/01/26,20.7,3.4,34.1,14.8,104.2,1017.1,0.4,24.1,0
08/01/26,20.1,2.5,32.5,18,114.6,1017.3,7.2,24.1,0